bee,dist,dance,run,frames,day,condition,distance,start.frame,end.frame,middle.frame,return.dur,wag_phase,ret_phase,circuit
OY,100,1,1,22,19-02-2017,OF,100,15336,15358,15347,NA,440,1180,1620
OY,100,1,2,23,19-02-2017,OF,100,15417,15440,15428.5,59,460,1040,1500
OY,100,1,3,35,19-02-2017,OF,100,15492,15527,15509.5,52,700,720,1420
OY,100,1,4,35,19-02-2017,OF,100,15563,15598,15580.5,36,700,700,1400
OY,100,1,5,19,19-02-2017,OF,100,15633,15652,15642.5,35,380,3080,3460
OY,100,1,6,28,19-02-2017,OF,100,15806,15834,15820,154,560,1420,1980
OY,100,1,7,36,19-02-2017,OF,100,15905,15941,15923,71,720,2300,3020
OY,100,1,8,17,19-02-2017,OF,100,16056,16073,16064.5,115,340,NA,NA
O-,100,1,1,17,19-02-2017,OF,100,16488,16505,16496.5,NA,340,1300,1640
O-,100,1,2,19,19-02-2017,OF,100,16570,16589,16579.5,65,380,1020,1400
O-,100,1,3,22,19-02-2017,OF,100,16640,16662,16651,51,440,1580,2020
O-,100,1,4,19,19-02-2017,OF,100,16741,16760,16750.5,79,380,1380,1760
O-,100,1,5,16,19-02-2017,OF,100,16829,16845,16837,69,320,1500,1820
O-,100,1,6,12,19-02-2017,OF,100,16920,16932,16926,75,240,1540,1780
O-,100,1,7,14,19-02-2017,OF,100,17009,17023,17016,77,280,1160,1440
O-,100,1,8,32,19-02-2017,OF,100,17081,17113,17097,58,640,1440,2080
O-,100,1,9,10,19-02-2017,OF,100,17185,17195,17190,72,200,1660,1860
O-,100,1,10,52,19-02-2017,OF,100,17278,17330,17304,83,1040,1420,2460
O-,100,1,11,26,19-02-2017,OF,100,17401,17427,17414,71,520,5940,6460
O-,100,1,12,33,19-02-2017,OF,100,17724,17757,17740.5,297,660,860,1520
O-,100,1,13,76,19-02-2017,OF,100,17800,17876,17838,43,1520,720,2240
O-,100,1,14,62,19-02-2017,OF,100,17912,17974,17943,36,1240,560,1800
O-,100,1,15,48,19-02-2017,OF,100,18002,18050,18026,28,960,980,1940
O-,100,1,16,30,19-02-2017,OF,100,18099,18129,18114,49,600,1600,2200
O-,100,1,17,31,19-02-2017,OF,100,18209,18240,18224.5,80,620,1200,1820
O-,100,1,18,22,19-02-2017,OF,100,18300,18322,18311,60,440,NA,NA
AG,100,1,1,26,19-02-2017,OF,100,22042,22068,22055,NA,520,900,1420
AG,100,1,2,31,19-02-2017,OF,100,22113,22144,22128.5,45,620,1360,1980
AG,100,1,3,40,19-02-2017,OF,100,22212,22252,22232,68,800,920,1720
AG,100,1,4,32,19-02-2017,OF,100,22298,22330,22314,46,640,1780,2420
AG,100,1,5,19,19-02-2017,OF,100,22419,22438,22428.5,89,380,2920,3300
AG,100,1,6,16,19-02-2017,OF,100,22584,22600,22592,146,320,1380,1700
AG,100,1,7,39,19-02-2017,OF,100,22675,22714,22694.5,69,780,920,1700
AG,100,1,8,29,19-02-2017,OF,100,22760,22789,22774.5,46,580,NA,NA
AG,100,2,1,35,19-02-2017,OF,100,28801,28836,28818.5,NA,700,1340,2040
AG,100,2,2,42,19-02-2017,OF,100,28903,28945,28924,67,840,1160,2000
AG,100,2,3,45,19-02-2017,OF,100,29003,29048,29025.5,58,900,1900,2800
AG,100,2,4,22,19-02-2017,OF,100,29143,29165,29154,95,440,1460,1900
AG,100,2,5,35,19-02-2017,OF,100,29238,29273,29255.5,73,700,1320,2020
AG,100,2,6,25,19-02-2017,OF,100,29339,29364,29351.5,66,500,1000,1500
AG,100,2,7,15,19-02-2017,OF,100,29414,29429,29421.5,50,300,1800,2100
AG,100,2,8,30,19-02-2017,OF,100,29519,29549,29534,90,600,NA,NA
AG,100,3,1,59,19-02-2017,OF,100,36789,36848,36818.5,NA,1180,3660,4840
AG,100,3,2,41,19-02-2017,OF,100,37031,37072,37051.5,183,820,1300,2120
AG,100,3,3,55,19-02-2017,OF,100,37137,37192,37164.5,65,1100,1340,2440
AG,100,3,4,24,19-02-2017,OF,100,37259,37283,37271,67,480,4180,4660
AG,100,3,5,44,19-02-2017,OF,100,37492,37536,37514,209,880,1300,2180
AG,100,3,6,51,19-02-2017,OF,100,37601,37652,37626.5,65,1020,1680,2700
AG,100,3,7,44,19-02-2017,OF,100,37736,37780,37758,84,880,1760,2640
AG,100,3,8,24,19-02-2017,OF,100,37868,37892,37880,88,480,1060,1540
AG,100,3,9,39,19-02-2017,OF,100,37945,37984,37964.5,53,780,1220,2000
AG,100,3,10,39,19-02-2017,OF,100,38045,38084,38064.5,61,780,1360,2140
AG,100,3,11,41,19-02-2017,OF,100,38152,38193,38172.5,68,820,1020,1840
AG,100,3,12,50,19-02-2017,OF,100,38244,38294,38269,51,1000,1420,2420
AG,100,3,13,35,19-02-2017,OF,100,38365,38400,38382.5,71,700,18420,19120
AG,100,3,14,59,19-02-2017,OF,100,39321,39380,39350.5,921,1180,3140,4320
AG,100,3,15,41,19-02-2017,OF,100,39537,39578,39557.5,157,820,1140,1960
AG,100,3,16,46,19-02-2017,OF,100,39635,39681,39658,57,920,1820,2740
AG,100,3,17,44,19-02-2017,OF,100,39772,39816,39794,91,880,2440,3320
AG,100,3,18,55,19-02-2017,OF,100,39938,39993,39965.5,122,1100,1920,3020
AG,100,3,19,57,19-02-2017,OF,100,40089,40146,40117.5,96,1140,1480,2620
AG,100,3,20,24,19-02-2017,OF,100,40220,40244,40232,74,480,NA,NA
O-,100,2,1,17,19-02-2017,OF,100,53373,53390,53381.5,NA,340,760,1100
O-,100,2,2,36,19-02-2017,OF,100,53428,53464,53446,38,720,1340,2060
O-,100,2,3,43,19-02-2017,OF,100,53531,53574,53552.5,67,860,1020,1880
O-,100,2,4,47,19-02-2017,OF,100,53625,53672,53648.5,51,940,1180,2120
O-,100,2,5,23,19-02-2017,OF,100,53731,53754,53742.5,59,460,1060,1520
O-,100,2,6,25,19-02-2017,OF,100,53807,53832,53819.5,53,500,NA,NA
G-,100,1,1,49,19-02-2017,OF,100,54908,54957,54932.5,NA,980,840,1820
G-,100,1,2,37,19-02-2017,OF,100,54999,55036,55017.5,42,740,1300,2040
G-,100,1,3,38,19-02-2017,OF,100,55101,55139,55120,65,760,1700,2460
G-,100,1,4,44,19-02-2017,OF,100,55224,55268,55246,85,880,1600,2480
G-,100,1,5,51,19-02-2017,OF,100,55348,55399,55373.5,80,1020,1060,2080
G-,100,1,6,24,19-02-2017,OF,100,55452,55476,55464,53,480,1660,2140
G-,100,1,7,60,19-02-2017,OF,100,55559,55619,55589,83,1200,960,2160
G-,100,1,8,35,19-02-2017,OF,100,55667,55702,55684.5,48,700,1560,2260
G-,100,1,9,65,19-02-2017,OF,100,55780,55845,55812.5,78,1300,640,1940
G-,100,1,10,31,19-02-2017,OF,100,55877,55908,55892.5,32,620,1260,1880
G-,100,1,11,48,19-02-2017,OF,100,55971,56019,55995,63,960,1060,2020
G-,100,1,12,36,19-02-2017,OF,100,56072,56108,56090,53,720,1180,1900
G-,100,1,13,39,19-02-2017,OF,100,56167,56206,56186.5,59,780,1740,2520
G-,100,1,14,56,19-02-2017,OF,100,56293,56349,56321,87,1120,1140,2260
G-,100,1,15,35,19-02-2017,OF,100,56406,56441,56423.5,57,700,1840,2540
G-,100,1,16,53,19-02-2017,OF,100,56533,56586,56559.5,92,1060,15900,16960
G-,100,1,17,41,19-02-2017,OF,100,57381,57422,57401.5,795,820,1000,1820
G-,100,1,18,40,19-02-2017,OF,100,57472,57512,57492,50,800,720,1520
G-,100,1,19,44,19-02-2017,OF,100,57548,57592,57570,36,880,860,1740
G-,100,1,20,32,19-02-2017,OF,100,57635,57667,57651,43,640,1100,1740
G-,100,1,21,51,19-02-2017,OF,100,57722,57773,57747.5,55,1020,1620,2640
G-,100,1,22,56,19-02-2017,OF,100,57854,57910,57882,81,1120,860,1980
G-,100,1,23,49,19-02-2017,OF,100,57953,58002,57977.5,43,980,1200,2180
G-,100,1,24,31,19-02-2017,OF,100,58062,58093,58077.5,60,620,600,1220
G-,100,1,25,44,19-02-2017,OF,100,58123,58167,58145,30,880,1020,1900
G-,100,1,26,46,19-02-2017,OF,100,58218,58264,58241,51,920,940,1860
G-,100,1,27,52,19-02-2017,OF,100,58311,58363,58337,47,1040,NA,NA
AG,100,4,1,40,19-02-2017,OF,100,63783,63823,63803,NA,800,1160,1960
AG,100,4,2,68,19-02-2017,OF,100,63881,63949,63915,58,1360,1480,2840
AG,100,4,3,57,19-02-2017,OF,100,64023,64080,64051.5,74,1140,860,2000
AG,100,4,4,65,19-02-2017,OF,100,64123,64188,64155.5,43,1300,980,2280
AG,100,4,5,60,19-02-2017,OF,100,64237,64297,64267,49,1200,820,2020
AG,100,4,6,65,19-02-2017,OF,100,64338,64403,64370.5,41,1300,2500,3800
AG,100,4,7,36,19-02-2017,OF,100,64528,64564,64546,125,720,1420,2140
AG,100,4,8,58,19-02-2017,OF,100,64635,64693,64664,71,1160,960,2120
AG,100,4,9,58,19-02-2017,OF,100,64741,64799,64770,48,1160,760,1920
AG,100,4,10,58,19-02-2017,OF,100,64837,64895,64866,38,1160,1080,2240
AG,100,4,11,40,19-02-2017,OF,100,64949,64989,64969,54,800,980,1780
AG,100,4,12,75,19-02-2017,OF,100,65038,65113,65075.5,49,1500,880,2380
AG,100,4,13,50,19-02-2017,OF,100,65157,65207,65182,44,1000,1640,2640
AG,100,4,14,61,19-02-2017,OF,100,65289,65350,65319.5,82,1220,1340,2560
AG,100,4,15,37,19-02-2017,OF,100,65417,65454,65435.5,67,740,NA,NA
AG,100,5,1,32,19-02-2017,OF,100,73051,73083,73067,NA,640,780,1420
AG,100,5,2,55,19-02-2017,OF,100,73122,73177,73149.5,39,1100,1460,2560
AG,100,5,3,45,19-02-2017,OF,100,73250,73295,73272.5,73,900,1880,2780
AG,100,5,4,33,19-02-2017,OF,100,73389,73422,73405.5,94,660,1640,2300
AG,100,5,5,32,19-02-2017,OF,100,73504,73536,73520,82,640,1180,1820
AG,100,5,6,41,19-02-2017,OF,100,73595,73636,73615.5,59,820,NA,NA
OY,100,2,1,49,19-02-2017,OF,100,37655,37704,37679.5,NA,980,1180,2160
OY,100,2,2,63,19-02-2017,OF,100,37763,37826,37794.5,59,1260,820,2080
OY,100,2,3,23,19-02-2017,OF,100,37867,37890,37878.5,41,460,1760,2220
OY,100,2,4,20,19-02-2017,OF,100,37978,37998,37988,88,400,1360,1760
OY,100,2,5,32,19-02-2017,OF,100,38066,38098,38082,68,640,1160,1800
OY,100,2,6,27,19-02-2017,OF,100,38156,38183,38169.5,58,540,2400,2940
OY,100,2,7,32,19-02-2017,OF,100,38303,38335,38319,120,640,940,1580
OY,100,2,8,34,19-02-2017,OF,100,38382,38416,38399,47,680,880,1560
OY,100,2,9,26,19-02-2017,OF,100,38460,38486,38473,44,520,1700,2220
OY,100,2,10,27,19-02-2017,OF,100,38571,38598,38584.5,85,540,1380,1920
OY,100,2,11,29,19-02-2017,OF,100,38667,38696,38681.5,69,580,NA,NA
OY,200,1,1,59,19-02-2017,OF,200,23145,23204,23174.5,NA,1180,1740,2920
OY,200,1,2,75,19-02-2017,OF,200,23291,23366,23328.5,87,1500,1420,2920
OY,200,1,3,67,19-02-2017,OF,200,23437,23504,23470.5,71,1340,1980,3320
OY,200,1,4,75,19-02-2017,OF,200,23603,23678,23640.5,99,1500,1280,2780
OY,200,1,5,82,19-02-2017,OF,200,23742,23824,23783,64,1640,1600,3240
OY,200,1,6,48,19-02-2017,OF,200,23904,23952,23928,80,960,1660,2620
OY,200,1,7,72,19-02-2017,OF,200,24035,24107,24071,83,1440,1600,3040
OY,200,1,8,70,19-02-2017,OF,200,24187,24257,24222,80,1400,2540,3940
OY,200,1,9,72,19-02-2017,OF,200,24384,24456,24420,127,1440,1440,2880
OY,200,1,10,55,19-02-2017,OF,200,24528,24583,24555.5,72,1100,1780,2880
OY,200,1,11,58,19-02-2017,OF,200,24672,24730,24701,89,1160,1000,2160
OY,200,1,12,49,19-02-2017,OF,200,24780,24829,24804.5,50,980,2320,3300
OY,200,1,13,52,19-02-2017,OF,200,24945,24997,24971,116,1040,2100,3140
OY,200,1,14,72,19-02-2017,OF,200,25102,25174,25138,105,1440,1380,2820
OY,200,1,15,59,19-02-2017,OF,200,25243,25302,25272.5,69,1180,3020,4200
OY,200,1,16,47,19-02-2017,OF,200,25453,25500,25476.5,151,940,3960,4900
OY,200,1,17,74,19-02-2017,OF,200,25698,25772,25735,198,1480,23920,25400
OY,200,1,18,60,19-02-2017,OF,200,26968,27028,26998,1196,1200,1920,3120
OY,200,1,19,68,19-02-2017,OF,200,27124,27192,27158,96,1360,1820,3180
OY,200,1,20,74,19-02-2017,OF,200,27283,27357,27320,91,1480,1640,3120
OY,200,1,21,90,19-02-2017,OF,200,27439,27529,27484,82,1800,1300,3100
OY,200,1,22,60,19-02-2017,OF,200,27594,27654,27624,65,1200,1660,2860
OY,200,1,23,87,19-02-2017,OF,200,27737,27824,27780.5,83,1740,NA,NA
OY,200,2,1,105,19-02-2017,OF,200,37611,37716,37663.5,NA,2100,1100,3200
OY,200,2,2,67,19-02-2017,OF,200,37771,37838,37804.5,55,1340,3140,4480
OY,200,2,3,88,19-02-2017,OF,200,37995,38083,38039,157,1760,2220,3980
OY,200,2,4,79,19-02-2017,OF,200,38194,38273,38233.5,111,1580,1340,2920
OY,200,2,5,67,19-02-2017,OF,200,38340,38407,38373.5,67,1340,1080,2420
OY,200,2,6,94,19-02-2017,OF,200,38461,38555,38508,54,1880,1280,3160
OY,200,2,7,55,19-02-2017,OF,200,38619,38674,38646.5,64,1100,4040,5140
OY,200,2,8,78,19-02-2017,OF,200,38876,38954,38915,202,1560,1020,2580
OY,200,2,9,87,19-02-2017,OF,200,39005,39092,39048.5,51,1740,1780,3520
OY,200,2,10,67,19-02-2017,OF,200,39181,39248,39214.5,89,1340,2140,3480
OY,200,2,11,71,19-02-2017,OF,200,39355,39426,39390.5,107,1420,NA,NA
_B,200,1,1,32,19-02-2017,OF,200,41723,41755,41739,NA,640,1120,1760
_B,200,1,2,90,19-02-2017,OF,200,41811,41901,41856,56,1800,3900,5700
_B,200,1,3,83,19-02-2017,OF,200,42096,42179,42137.5,195,1660,1380,3040
_B,200,1,4,65,19-02-2017,OF,200,42248,42313,42280.5,69,1300,1520,2820
_B,200,1,5,101,19-02-2017,OF,200,42389,42490,42439.5,76,2020,2620,4640
_B,200,1,6,72,19-02-2017,OF,200,42621,42693,42657,131,1440,1260,2700
_B,200,1,7,66,19-02-2017,OF,200,42756,42822,42789,63,1320,1580,2900
_B,200,1,8,56,19-02-2017,OF,200,42901,42957,42929,79,1120,2580,3700
_B,200,1,9,68,19-02-2017,OF,200,43086,43154,43120,129,1360,1520,2880
_B,200,1,10,52,19-02-2017,OF,200,43230,43282,43256,76,1040,1340,2380
_B,200,1,11,78,19-02-2017,OF,200,43349,43427,43388,67,1560,30940,32500
_B,200,1,12,87,19-02-2017,OF,200,44974,45061,45017.5,1547,1740,NA,NA
O-,200,1,1,38,19-02-2017,OF,200,48578,48616,48597,NA,760,3640,4400
O-,200,1,2,76,19-02-2017,OF,200,48798,48874,48836,182,1520,1060,2580
O-,200,1,3,43,19-02-2017,OF,200,48927,48970,48948.5,53,860,1340,2200
O-,200,1,4,61,19-02-2017,OF,200,49037,49098,49067.5,67,1220,1540,2760
O-,200,1,5,49,19-02-2017,OF,200,49175,49224,49199.5,77,980,980,1960
O-,200,1,6,74,19-02-2017,OF,200,49273,49347,49310,49,1480,1620,3100
O-,200,1,7,40,19-02-2017,OF,200,49428,49468,49448,81,800,1480,2280
O-,200,1,8,62,19-02-2017,OF,200,49542,49604,49573,74,1240,NA,NA
OY,200,3,1,70,19-02-2017,OF,200,60630,60700,60665,NA,1400,1520,2920
OY,200,3,2,81,19-02-2017,OF,200,60776,60857,60816.5,76,1620,1100,2720
OY,200,3,3,82,19-02-2017,OF,200,60912,60994,60953,55,1640,1000,2640
OY,200,3,4,83,19-02-2017,OF,200,61044,61127,61085.5,50,1660,1540,3200
OY,200,3,5,77,19-02-2017,OF,200,61204,61281,61242.5,77,1540,1580,3120
OY,200,3,6,84,19-02-2017,OF,200,61360,61444,61402,79,1680,1180,2860
OY,200,3,7,53,19-02-2017,OF,200,61503,61556,61529.5,59,1060,1320,2380
OY,200,3,8,83,19-02-2017,OF,200,61622,61705,61663.5,66,1660,2080,3740
OY,200,3,9,67,19-02-2017,OF,200,61809,61876,61842.5,104,1340,NA,NA
_B,200,2,1,79,19-02-2017,OF,200,79231,79310,79270.5,NA,1580,3360,4940
_B,200,2,2,62,19-02-2017,OF,200,79478,79540,79509,168,1240,1280,2520
_B,200,2,3,60,19-02-2017,OF,200,79604,79664,79634,64,1200,1080,2280
_B,200,2,4,67,19-02-2017,OF,200,79718,79785,79751.5,54,1340,2880,4220
_B,200,2,5,75,19-02-2017,OF,200,79929,80004,79966.5,144,1500,2100,3600
_B,200,2,6,98,19-02-2017,OF,200,80109,80207,80158,105,1960,4580,6540
_B,200,2,7,54,19-02-2017,OF,200,80436,80490,80463,229,1080,980,2060
_B,200,2,8,62,19-02-2017,OF,200,80539,80601,80570,49,1240,1320,2560
_B,200,2,9,63,19-02-2017,OF,200,80667,80730,80698.5,66,1260,1640,2900
_B,200,2,10,55,19-02-2017,OF,200,80812,80867,80839.5,82,1100,1820,2920
_B,200,2,11,40,19-02-2017,OF,200,80958,80998,80978,91,800,NA,NA
OY,300,1,1,61,19-02-2017,OF,300,1665,1726,1695.5,NA,1220,1760,2980
OY,300,1,2,54,19-02-2017,OF,300,1814,1868,1841,88,1080,1060,2140
OY,300,1,3,79,19-02-2017,OF,300,1921,2000,1960.5,53,1580,1120,2700
OY,300,1,4,81,19-02-2017,OF,300,2056,2137,2096.5,56,1620,1420,3040
OY,300,1,5,63,19-02-2017,OF,300,2208,2271,2239.5,71,1260,2160,3420
OY,300,1,6,87,19-02-2017,OF,300,2379,2466,2422.5,108,1740,1260,3000
OY,300,1,7,71,19-02-2017,OF,300,2529,2600,2564.5,63,1420,1660,3080
OY,300,1,8,83,19-02-2017,OF,300,2683,2766,2724.5,83,1660,1060,2720
OY,300,1,9,50,19-02-2017,OF,300,2819,2869,2844,53,1000,2240,3240
OY,300,1,10,87,19-02-2017,OF,300,2981,3068,3024.5,112,1740,1120,2860
OY,300,1,11,59,19-02-2017,OF,300,3124,3183,3153.5,56,1180,NA,NA
OY,300,2,1,58,19-02-2017,OF,300,38489,38547,38518,NA,1160,1840,3000
OY,300,2,2,113,19-02-2017,OF,300,38639,38752,38695.5,92,2260,2100,4360
OY,300,2,3,38,19-02-2017,OF,300,38857,38895,38876,105,760,8860,9620
OY,300,2,4,39,19-02-2017,OF,300,39338,39377,39357.5,443,780,2640,3420
OY,300,2,5,71,19-02-2017,OF,300,39509,39580,39544.5,132,1420,2640,4060
OY,300,2,6,52,19-02-2017,OF,300,39712,39764,39738,132,1040,1440,2480
OY,300,2,7,67,19-02-2017,OF,300,39836,39903,39869.5,72,1340,1800,3140
OY,300,2,8,74,19-02-2017,OF,300,39993,40067,40030,90,1480,1860,3340
OY,300,2,9,81,19-02-2017,OF,300,40160,40241,40200.5,93,1620,2180,3800
OY,300,2,10,63,19-02-2017,OF,300,40350,40413,40381.5,109,1260,6600,7860
OY,300,2,11,91,19-02-2017,OF,300,40743,40834,40788.5,330,1820,1840,3660
OY,300,2,12,73,19-02-2017,OF,300,40926,40999,40962.5,92,1460,1880,3340
OY,300,2,13,88,19-02-2017,OF,300,41093,41181,41137,94,1760,NA,NA
OY,300,3,1,102,19-02-2017,OF,300,65735,65837,65786,NA,2040,1600,3640
OY,300,3,2,61,19-02-2017,OF,300,65917,65978,65947.5,80,1220,1780,3000
OY,300,3,3,85,19-02-2017,OF,300,66067,66152,66109.5,89,1700,1720,3420
OY,300,3,4,108,19-02-2017,OF,300,66238,66346,66292,86,2160,1600,3760
OY,300,3,5,82,19-02-2017,OF,300,66426,66508,66467,80,1640,NA,NA
OY,300,4,1,37,20-02-2017,OF,300,16796,16833,16814.5,NA,740,2780,3520
OY,300,4,2,102,20-02-2017,OF,300,16972,17074,17023,139,2040,960,3000
OY,300,4,3,58,20-02-2017,OF,300,17122,17180,17151,48,1160,1380,2540
OY,300,4,4,53,20-02-2017,OF,300,17249,17302,17275.5,69,1060,1500,2560
OY,300,4,5,51,20-02-2017,OF,300,17377,17428,17402.5,75,1020,1360,2380
OY,300,4,6,76,20-02-2017,OF,300,17496,17572,17534,68,1520,2620,4140
OY,300,4,7,82,20-02-2017,OF,300,17703,17785,17744,131,1640,1200,2840
OY,300,4,8,52,20-02-2017,OF,300,17845,17897,17871,60,1040,2540,3580
OY,300,4,9,48,20-02-2017,OF,300,18024,18072,18048,127,960,1560,2520
OY,300,4,10,36,20-02-2017,OF,300,18150,18186,18168,78,720,1260,1980
OY,300,4,11,85,20-02-2017,OF,300,18249,18334,18291.5,63,1700,1620,3320
OY,300,4,12,62,20-02-2017,OF,300,18415,18477,18446,81,1240,1480,2720
OY,300,4,13,60,20-02-2017,OF,300,18551,18611,18581,74,1200,1480,2680
OY,300,4,14,57,20-02-2017,OF,300,18685,18742,18713.5,74,1140,NA,NA
PA,300,1,1,56,20-02-2017,OF,300,19338,19394,19366,NA,1120,3680,4800
PA,300,1,3,58,20-02-2017,OF,300,23415,23473,23444,184,1160,700,1860
PA,300,1,4,33,20-02-2017,OF,300,23508,23541,23524.5,35,660,1580,2240
PA,300,1,5,53,20-02-2017,OF,300,23620,23673,23646.5,79,1060,2820,3880
PA,300,1,6,69,20-02-2017,OF,300,23814,23883,23848.5,141,1380,1040,2420
PA,300,1,7,57,20-02-2017,OF,300,23935,23992,23963.5,52,1140,1380,2520
PA,300,1,8,57,20-02-2017,OF,300,24061,24118,24089.5,69,1140,1880,3020
PA,300,1,9,80,20-02-2017,OF,300,24212,24292,24252,94,1600,880,2480
PA,300,1,10,92,20-02-2017,OF,300,24336,24428,24382,44,1840,1800,3640
PA,300,1,11,58,20-02-2017,OF,300,24518,24576,24547,90,1160,1620,2780
PA,300,1,12,81,20-02-2017,OF,300,24657,24738,24697.5,81,1620,1180,2800
PA,300,1,13,63,20-02-2017,OF,300,24797,24860,24828.5,59,1260,NA,NA
AG,300,1,1,60,20-02-2017,OF,300,34348,34408,34378,NA,1200,2000,3200
AG,300,1,2,91,20-02-2017,OF,300,34508,34599,34553.5,100,1820,1000,2820
AG,300,1,3,91,20-02-2017,OF,300,34649,34740,34694.5,50,1820,1480,3300
AG,300,1,4,88,20-02-2017,OF,300,34814,34902,34858,74,1760,1240,3000
AG,300,1,5,97,20-02-2017,OF,300,34964,35061,35012.5,62,1940,4360,6300
AG,300,1,6,70,20-02-2017,OF,300,35279,35349,35314,218,1400,1360,2760
AG,300,1,7,54,20-02-2017,OF,300,35417,35471,35444,68,1080,880,1960
AG,300,1,8,79,20-02-2017,OF,300,35515,35594,35554.5,44,1580,2040,3620
AG,300,1,9,66,20-02-2017,OF,300,35696,35762,35729,102,1320,1540,2860
AG,300,1,10,109,20-02-2017,OF,300,35839,35948,35893.5,77,2180,980,3160
AG,300,1,11,81,20-02-2017,OF,300,35997,36078,36037.5,49,1620,1320,2940
AG,300,1,12,79,20-02-2017,OF,300,36144,36223,36183.5,66,1580,1220,2800
AG,300,1,13,72,20-02-2017,OF,300,36284,36356,36320,61,1440,1920,3360
AG,300,1,14,74,20-02-2017,OF,300,36452,36526,36489,96,1480,1640,3120
AG,300,1,15,59,20-02-2017,OF,300,36608,36667,36637.5,82,1180,1540,2720
AG,300,1,16,83,20-02-2017,OF,300,36744,36827,36785.5,77,1660,1440,3100
AG,300,1,17,89,20-02-2017,OF,300,36899,36988,36943.5,72,1780,1940,3720
AG,300,1,18,59,20-02-2017,OF,300,37085,37144,37114.5,97,1180,NA,NA
OY,400,1,1,75,20-02-2017,OF,400,14861,14936,14898.5,NA,1500,2160,3660
OY,400,1,2,66,20-02-2017,OF,400,15044,15110,15077,108,1320,2520,3840
OY,400,1,3,56,20-02-2017,OF,400,15236,15292,15264,126,1120,1620,2740
OY,400,1,4,51,20-02-2017,OF,400,15373,15424,15398.5,81,1020,NA,NA
O-,400,1,1,110,20-02-2017,OF,400,33330,33440,33385,NA,2200,1580,3780
O-,400,1,2,71,20-02-2017,OF,400,33519,33590,33554.5,79,1420,1920,3340
O-,400,1,3,94,20-02-2017,OF,400,33686,33780,33733,96,1880,1880,3760
O-,400,1,4,114,20-02-2017,OF,400,33874,33988,33931,94,2280,1680,3960
O-,400,1,5,74,20-02-2017,OF,400,34072,34146,34109,84,1480,1540,3020
O-,400,1,6,75,20-02-2017,OF,400,34223,34298,34260.5,77,1500,2540,4040
O-,400,1,7,105,20-02-2017,OF,400,34425,34530,34477.5,127,2100,1280,3380
O-,400,1,8,68,20-02-2017,OF,400,34594,34662,34628,64,1360,1680,3040
O-,400,1,9,58,20-02-2017,OF,400,34746,34804,34775,84,1160,18580,19740
O-,400,1,10,86,20-02-2017,OF,400,35733,35819,35776,929,1720,NA,NA
OY,400,2,1,42,20-02-2017,OF,400,38137,38179,38158,NA,840,2400,3240
OY,400,2,2,63,20-02-2017,OF,400,38299,38362,38330.5,120,1260,1800,3060
OY,400,2,3,53,20-02-2017,OF,400,38452,38505,38478.5,90,1060,1660,2720
OY,400,2,4,71,20-02-2017,OF,400,38588,38659,38623.5,83,1420,3680,5100
OY,400,2,5,34,20-02-2017,OF,400,38843,38877,38860,184,680,1440,2120
OY,400,2,6,103,20-02-2017,OF,400,38949,39052,39000.5,72,2060,1820,3880
OY,400,2,7,61,20-02-2017,OF,400,39143,39204,39173.5,91,1220,1920,3140
OY,400,2,8,55,20-02-2017,OF,400,39300,39355,39327.5,96,1100,3020,4120
OY,400,2,9,36,20-02-2017,OF,400,39506,39542,39524,151,720,2400,3120
OY,400,2,10,60,20-02-2017,OF,400,39662,39722,39692,120,1200,2840,4040
OY,400,2,11,63,20-02-2017,OF,400,39864,39927,39895.5,142,1260,3100,4360
OY,400,2,12,55,20-02-2017,OF,400,40082,40137,40109.5,155,1100,2440,3540
OY,400,2,13,60,20-02-2017,OF,400,40259,40319,40289,122,1200,2200,3400
OY,400,2,14,50,20-02-2017,OF,400,40429,40479,40454,110,1000,10820,11820
OY,400,2,15,97,20-02-2017,OF,400,41020,41117,41068.5,541,1940,NA,NA
OY,400,3,1,55,20-02-2017,OF,400,52397,52452,52424.5,NA,1100,2060,3160
OY,400,3,2,73,20-02-2017,OF,400,52555,52628,52591.5,103,1460,1060,2520
OY,400,3,3,57,20-02-2017,OF,400,52681,52738,52709.5,53,1140,2420,3560
OY,400,3,4,95,20-02-2017,OF,400,52859,52954,52906.5,121,1900,1640,3540
OY,400,3,5,79,20-02-2017,OF,400,53036,53115,53075.5,82,1580,2040,3620
OY,400,3,6,80,20-02-2017,OF,400,53217,53297,53257,102,1600,1520,3120
OY,400,3,7,51,20-02-2017,OF,400,53373,53424,53398.5,76,1020,1880,2900
OY,400,3,8,44,20-02-2017,OF,400,53518,53562,53540,94,880,1240,2120
OY,400,3,9,80,20-02-2017,OF,400,53624,53704,53664,62,1600,NA,NA
OY,400,4,1,66,20-02-2017,OF,400,75973,76039,76006,NA,1320,1860,3180
OY,400,4,2,101,20-02-2017,OF,400,76132,76233,76182.5,93,2020,1200,3220
OY,400,4,3,85,20-02-2017,OF,400,76293,76378,76335.5,60,1700,1460,3160
OY,400,4,4,68,20-02-2017,OF,400,76451,76519,76485,73,1360,2480,3840
OY,400,4,5,103,20-02-2017,OF,400,76643,76746,76694.5,124,2060,2460,4520
OY,400,4,6,109,20-02-2017,OF,400,76869,76978,76923.5,123,2180,1660,3840
OY,400,4,7,98,20-02-2017,OF,400,77061,77159,77110,83,1960,1200,3160
OY,400,4,8,104,20-02-2017,OF,400,77219,77323,77271,60,2080,2220,4300
OY,400,4,9,85,20-02-2017,OF,400,77434,77519,77476.5,111,1700,1300,3000
OY,400,4,10,84,20-02-2017,OF,400,77584,77668,77626,65,1680,2060,3740
OY,400,4,11,81,20-02-2017,OF,400,77771,77852,77811.5,103,1620,1460,3080
OY,400,4,12,75,20-02-2017,OF,400,77925,78000,77962.5,73,1500,3220,4720
OY,400,4,13,50,20-02-2017,OF,400,78161,78211,78186,161,1000,1560,2560
OY,400,4,14,100,20-02-2017,OF,400,78289,78389,78339,78,2000,1480,3480
OY,400,4,15,57,20-02-2017,OF,400,78463,78520,78491.5,74,1140,2480,3620
OY,400,4,16,72,20-02-2017,OF,400,78644,78716,78680,124,1440,NA,NA
_B,400,1,1,120,20-02-2017,OF,400,97792,97912,97852,NA,2400,1300,3700
_B,400,1,2,93,20-02-2017,OF,400,97977,98070,98023.5,65,1860,2460,4320
_B,400,1,3,91,20-02-2017,OF,400,98193,98284,98238.5,123,1820,NA,NA
OY,500,1,1,83,20-02-2017,OF,500,51857,51940,51898.5,NA,1660,1860,3520
OY,500,1,2,94,20-02-2017,OF,500,52033,52127,52080,93,1880,1940,3820
OY,500,1,3,90,20-02-2017,OF,500,52224,52314,52269,97,1800,2740,4540
OY,500,1,4,99,20-02-2017,OF,500,52451,52550,52500.5,137,1980,1760,3740
OY,500,1,5,134,20-02-2017,OF,500,52638,52772,52705,88,2680,3860,6540
OY,500,1,6,97,20-02-2017,OF,500,52965,53062,53013.5,193,1940,2960,4900
OY,500,1,7,85,20-02-2017,OF,500,53210,53295,53252.5,148,1700,1760,3460
OY,500,1,8,102,20-02-2017,OF,500,53383,53485,53434,88,2040,2620,4660
OY,500,1,9,64,20-02-2017,OF,500,53616,53680,53648,131,1280,NA,NA
OY,500,2,1,80,20-02-2017,OF,500,95537,95617,95577,NA,1600,1600,3200
OY,500,2,2,106,20-02-2017,OF,500,95697,95803,95750,80,2120,1340,3460
OY,500,2,3,84,20-02-2017,OF,500,95870,95954,95912,67,1680,1540,3220
OY,500,2,4,116,20-02-2017,OF,500,96031,96147,96089,77,2320,1260,3580
OY,500,2,5,66,20-02-2017,OF,500,96210,96276,96243,63,1320,1420,2740
OY,500,2,6,96,20-02-2017,OF,500,96347,96443,96395,71,1920,1600,3520
OY,500,2,7,101,20-02-2017,OF,500,96523,96624,96573.5,80,2020,2860,4880
OY,500,2,8,105,20-02-2017,OF,500,96767,96872,96819.5,143,2100,1800,3900
OY,500,2,9,108,20-02-2017,OF,500,96962,97070,97016,90,2160,1920,4080
OY,500,2,10,66,20-02-2017,OF,500,97166,97232,97199,96,1320,1740,3060
OY,500,2,11,89,20-02-2017,OF,500,97319,97408,97363.5,87,1780,1760,3540
OY,500,2,12,88,20-02-2017,OF,500,97496,97584,97540,88,1760,1860,3620
OY,500,2,13,80,20-02-2017,OF,500,97677,97757,97717,93,1600,2720,4320
OY,500,2,14,108,20-02-2017,OF,500,97893,98001,97947,136,2160,1940,4100
OY,500,2,15,84,20-02-2017,OF,500,98098,98182,98140,97,1680,NA,NA
OY,500,3,1,82,20-02-2017,OF,500,149797,149879,149838,NA,1640,1720,3360
OY,500,3,2,98,20-02-2017,OF,500,149965,150063,150014,86,1960,2040,4000
OY,500,3,3,87,20-02-2017,OF,500,150165,150252,150208.5,102,1740,3320,5060
OY,500,3,4,76,20-02-2017,OF,500,150418,150494,150456,166,1520,2000,3520
OY,500,3,5,92,20-02-2017,OF,500,150594,150686,150640,100,1840,NA,NA
_B,500,1,1,117,20-02-2017,OF,500,56111,56228,56169.5,NA,2340,2040,4380
_B,500,1,2,126,20-02-2017,OF,500,56330,56456,56393,102,2520,2260,4780
_B,500,1,3,107,20-02-2017,OF,500,56569,56676,56622.5,113,2140,2880,5020
_B,500,1,4,124,20-02-2017,OF,500,56820,56944,56882,144,2480,1280,3760
_B,500,1,5,103,20-02-2017,OF,500,57008,57111,57059.5,64,2060,2360,4420
_B,500,1,6,75,20-02-2017,OF,500,57229,57304,57266.5,118,1500,2300,3800
_B,500,1,7,108,20-02-2017,OF,500,57419,57527,57473,115,2160,2780,4940
_B,500,1,8,92,20-02-2017,OF,500,57666,57758,57712,139,1840,3400,5240
_B,500,1,9,81,20-02-2017,OF,500,57928,58009,57968.5,170,1620,NA,NA
_B,500,2,1,67,20-02-2017,OF,500,72167,72234,72200.5,NA,1340,3280,4620
_B,500,2,2,94,20-02-2017,OF,500,72398,72492,72445,164,1880,3100,4980
_B,500,2,3,39,20-02-2017,OF,500,72647,72686,72666.5,155,780,1920,2700
_B,500,2,4,109,20-02-2017,OF,500,72782,72891,72836.5,96,2180,1880,4060
_B,500,2,5,53,20-02-2017,OF,500,72985,73038,73011.5,94,1060,2540,3600
_B,500,2,6,117,20-02-2017,OF,500,73165,73282,73223.5,127,2340,1520,3860
_B,500,2,7,113,20-02-2017,OF,500,73358,73471,73414.5,76,2260,1680,3940
_B,500,2,8,79,20-02-2017,OF,500,73555,73634,73594.5,84,1580,3040,4620
_B,500,2,9,92,20-02-2017,OF,500,73786,73878,73832,152,1840,1460,3300
_B,500,2,10,82,20-02-2017,OF,500,73951,74033,73992,73,1640,1980,3620
_B,500,2,11,80,20-02-2017,OF,500,74132,74212,74172,99,1600,12140,13740
_B,500,2,12,92,20-02-2017,OF,500,74819,74911,74865,607,1840,1740,3580
_B,500,2,13,110,20-02-2017,OF,500,74998,75108,75053,87,2200,7480,9680
_B,500,2,14,88,20-02-2017,OF,500,75482,75570,75526,374,1760,NA,NA
_B,500,3,1,80,20-02-2017,OF,500,127145,127225,127185,NA,1600,1540,3140
_B,500,3,2,134,20-02-2017,OF,500,127302,127436,127369,77,2680,2860,5540
_B,500,3,3,97,20-02-2017,OF,500,127579,127676,127627.5,143,1940,2860,4800
_B,500,3,4,127,20-02-2017,OF,500,127819,127946,127882.5,143,2540,3820,6360
_B,500,3,5,134,20-02-2017,OF,500,128137,128271,128204,191,2680,1280,3960
_B,500,3,6,111,20-02-2017,OF,500,128335,128446,128390.5,64,2220,2040,4260
_B,500,3,7,115,20-02-2017,OF,500,128548,128663,128605.5,102,2300,1040,3340
_B,500,3,8,108,20-02-2017,OF,500,128715,128823,128769,52,2160,2020,4180
_B,500,3,9,120,20-02-2017,OF,500,128924,129044,128984,101,2400,NA,NA
_B,500,4,1,109,20-02-2017,OF,500,147390,147499,147444.5,NA,2180,8640,10820
_B,500,4,2,131,20-02-2017,OF,500,147931,148062,147996.5,432,2620,2740,5360
_B,500,4,3,103,20-02-2017,OF,500,148199,148302,148250.5,137,2060,3000,5060
_B,500,4,4,141,20-02-2017,OF,500,148452,148593,148522.5,150,2820,NA,NA
O-,500,1,1,78,20-02-2017,OF,500,144810,144888,144849,NA,1560,1600,3160
O-,500,1,2,96,20-02-2017,OF,500,144968,145064,145016,80,1920,2700,4620
O-,500,1,3,55,20-02-2017,OF,500,145199,145254,145226.5,135,1100,4700,5800
O-,500,1,4,80,20-02-2017,OF,500,145489,145569,145529,235,1600,3040,4640
O-,500,1,5,99,20-02-2017,OF,500,145721,145820,145770.5,152,1980,1840,3820
O-,500,1,6,97,20-02-2017,OF,500,145912,146009,145960.5,92,1940,1380,3320
O-,500,1,7,82,20-02-2017,OF,500,146078,146160,146119,69,1640,1320,2960
O-,500,1,8,91,20-02-2017,OF,500,146226,146317,146271.5,66,1820,1320,3140
O-,500,1,9,99,20-02-2017,OF,500,146383,146482,146432.5,66,1980,1420,3400
O-,500,1,10,111,20-02-2017,OF,500,146553,146664,146608.5,71,2220,1620,3840
O-,500,1,11,87,20-02-2017,OF,500,146745,146832,146788.5,81,1740,NA,NA
_W,100,1,1,44,24-01-2017,BG,100,6204,6248,6226,NA,880,1620,2500
_W,100,1,2,41,24-01-2017,BG,100,6329,6370,6349.5,81,820,1040,1860
_W,100,1,3,36,24-01-2017,BG,100,6422,6458,6440,52,720,2500,3220
_W,100,1,4,36,24-01-2017,BG,100,6583,6619,6601,125,720,1520,2240
_W,100,1,5,47,24-01-2017,BG,100,6695,6742,6718.5,76,940,1260,2200
_W,100,1,6,43,24-01-2017,BG,100,6805,6848,6826.5,63,860,1060,1920
_W,100,1,7,55,24-01-2017,BG,100,6901,6956,6928.5,53,1100,1260,2360
_W,100,1,8,37,24-01-2017,BG,100,7019,7056,7037.5,63,740,NA,NA
_W,100,2,1,73,24-01-2017,BG,100,13320,13393,13356.5,NA,1460,1300,2760
_W,100,2,2,47,24-01-2017,BG,100,13458,13505,13481.5,65,940,1540,2480
_W,100,2,3,52,24-01-2017,BG,100,13582,13634,13608,77,1040,1140,2180
_W,100,2,4,39,24-01-2017,BG,100,13691,13730,13710.5,57,780,940,1720
_W,100,2,5,32,24-01-2017,BG,100,13777,13809,13793,47,640,1140,1780
_W,100,2,6,30,24-01-2017,BG,100,13866,13896,13881,57,600,1340,1940
_W,100,2,7,26,24-01-2017,BG,100,13963,13989,13976,67,520,1340,1860
_W,100,2,8,42,24-01-2017,BG,100,14056,14098,14077,67,840,1220,2060
_W,100,2,9,26,24-01-2017,BG,100,14159,14185,14172,61,520,1120,1640
_W,100,2,10,44,24-01-2017,BG,100,14241,14285,14263,56,880,1260,2140
_W,100,2,11,38,24-01-2017,BG,100,14348,14386,14367,63,760,880,1640
_W,100,2,12,34,24-01-2017,BG,100,14430,14464,14447,44,680,900,1580
_W,100,2,13,36,24-01-2017,BG,100,14509,14545,14527,45,720,NA,NA
B-,100,1,1,43,24-01-2017,BG,100,23573,23616,23594.5,NA,860,1860,2720
B-,100,1,2,41,24-01-2017,BG,100,23709,23750,23729.5,93,820,2420,3240
B-,100,1,3,42,24-01-2017,BG,100,23871,23913,23892,121,840,1340,2180
B-,100,1,4,40,24-01-2017,BG,100,23980,24020,24000,67,800,NA,NA
_W,100,3,1,51,24-01-2017,BG,100,26119,26170,26144.5,NA,1020,1120,2140
_W,100,3,2,64,24-01-2017,BG,100,26226,26290,26258,56,1280,1440,2720
_W,100,3,3,56,24-01-2017,BG,100,26362,26418,26390,72,1120,940,2060
_W,100,3,4,48,24-01-2017,BG,100,26465,26513,26489,47,960,1140,2100
_W,100,3,5,39,24-01-2017,BG,100,26570,26609,26589.5,57,780,1120,1900
_W,100,3,6,41,24-01-2017,BG,100,26665,26706,26685.5,56,820,NA,NA
G-,100,1,1,68,24-01-2017,BG,100,25954,26022,25988,NA,1360,1040,2400
G-,100,1,2,41,24-01-2017,BG,100,26074,26115,26094.5,52,820,1140,1960
G-,100,1,3,34,24-01-2017,BG,100,26172,26206,26189,57,680,1560,2240
G-,100,1,4,31,24-01-2017,BG,100,26284,26315,26299.5,78,620,2380,3000
G-,100,1,5,46,24-01-2017,BG,100,26434,26480,26457,119,920,3820,4740
G-,100,1,6,59,24-01-2017,BG,100,26671,26730,26700.5,191,1180,2540,3720
G-,100,1,7,43,24-01-2017,BG,100,26857,26900,26878.5,127,860,1460,2320
G-,100,1,8,37,24-01-2017,BG,100,26973,27010,26991.5,73,740,NA,NA
G-,100,2,1,43,25-01-2017,BG,100,23029,23072,23050.5,NA,860,1620,2480
G-,100,2,2,55,25-01-2017,BG,100,23153,23208,23180.5,81,1100,1280,2380
G-,100,2,3,47,25-01-2017,BG,100,23272,23319,23295.5,64,940,1960,2900
G-,100,2,4,43,25-01-2017,BG,100,23417,23460,23438.5,98,860,960,1820
G-,100,2,5,51,25-01-2017,BG,100,23508,23559,23533.5,48,1020,2560,3580
G-,100,2,6,61,25-01-2017,BG,100,23687,23748,23717.5,128,1220,980,2200
G-,100,2,7,49,25-01-2017,BG,100,23797,23846,23821.5,49,980,1380,2360
G-,100,2,8,33,25-01-2017,BG,100,23915,23948,23931.5,69,660,1120,1780
G-,100,2,9,64,25-01-2017,BG,100,24004,24068,24036,56,1280,1140,2420
G-,100,2,10,41,25-01-2017,BG,100,24125,24166,24145.5,57,820,960,1780
G-,100,2,11,48,25-01-2017,BG,100,24214,24262,24238,48,960,1080,2040
G-,100,2,12,57,25-01-2017,BG,100,24316,24373,24344.5,54,1140,1280,2420
G-,100,2,13,44,25-01-2017,BG,100,24437,24481,24459,64,880,1460,2340
G-,100,2,14,32,25-01-2017,BG,100,24554,24586,24570,73,640,1480,2120
G-,100,2,15,49,25-01-2017,BG,100,24660,24709,24684.5,74,980,2340,3320
G-,100,2,16,41,25-01-2017,BG,100,24826,24867,24846.5,117,820,1780,2600
G-,100,2,17,51,25-01-2017,BG,100,24956,25007,24981.5,89,1020,1180,2200
G-,100,2,18,34,25-01-2017,BG,100,25066,25100,25083,59,680,NA,NA
G-,100,3,1,40,25-01-2017,BG,100,32584,32624,32604,NA,800,1440,2240
G-,100,3,2,59,25-01-2017,BG,100,32696,32755,32725.5,72,1180,1260,2440
G-,100,3,3,54,25-01-2017,BG,100,32818,32872,32845,63,1080,1220,2300
G-,100,3,4,33,25-01-2017,BG,100,32933,32966,32949.5,61,660,1620,2280
G-,100,3,5,50,25-01-2017,BG,100,33047,33097,33072,81,1000,1200,2200
G-,100,3,6,59,25-01-2017,BG,100,33157,33216,33186.5,60,1180,1300,2480
G-,100,3,7,46,25-01-2017,BG,100,33281,33327,33304,65,920,1100,2020
G-,100,3,8,58,25-01-2017,BG,100,33382,33440,33411,55,1160,1200,2360
G-,100,3,9,46,25-01-2017,BG,100,33500,33546,33523,60,920,1460,2380
G-,100,3,10,47,25-01-2017,BG,100,33619,33666,33642.5,73,940,1180,2120
G-,100,3,11,44,25-01-2017,BG,100,33725,33769,33747,59,880,1580,2460
G-,100,3,12,48,25-01-2017,BG,100,33848,33896,33872,79,960,940,1900
G-,100,3,13,65,25-01-2017,BG,100,33943,34008,33975.5,47,1300,1440,2740
G-,100,3,14,26,25-01-2017,BG,100,34080,34106,34093,72,520,1680,2200
G-,100,3,15,41,25-01-2017,BG,100,34190,34231,34210.5,84,820,1340,2160
G-,100,3,16,38,25-01-2017,BG,100,34298,34336,34317,67,760,NA,NA
W-,100,1,1,48,25-01-2017,BG,100,23629,23677,23653,NA,960,2040,3000
W-,100,1,2,45,25-01-2017,BG,100,23779,23824,23801.5,102,900,980,1880
W-,100,1,3,31,25-01-2017,BG,100,23873,23904,23888.5,49,620,1400,2020
W-,100,1,4,30,25-01-2017,BG,100,23974,24004,23989,70,600,900,1500
W-,100,1,5,39,25-01-2017,BG,100,24049,24088,24068.5,45,780,1000,1780
W-,100,1,6,30,25-01-2017,BG,100,24138,24168,24153,50,600,1860,2460
W-,100,1,7,37,25-01-2017,BG,100,24261,24298,24279.5,93,740,980,1720
W-,100,1,8,39,25-01-2017,BG,100,24347,24386,24366.5,49,780,880,1660
W-,100,1,9,24,25-01-2017,BG,100,24430,24454,24442,44,480,1380,1860
W-,100,1,10,29,25-01-2017,BG,100,24523,24552,24537.5,69,580,NA,NA
W-,200,1,1,63,25-01-2017,BG,200,179500,179548,179524,NA,1260,1120,2380
W-,200,1,2,80,25-01-2017,BG,200,179604,179713,179658.5,56,1600,1340,2940
W-,200,1,3,45,25-01-2017,BG,200,179780,179830,179805,67,900,1800,2700
W-,200,1,4,40,25-01-2017,BG,200,179920,179983,179951.5,90,800,2640,3440
W-,200,1,5,62,25-01-2017,BG,200,180115,180195,180155,132,1240,3140,4380
W-,200,1,6,73,25-01-2017,BG,200,180352,180397,180374.5,157,1460,1420,2880
W-,200,1,7,76,25-01-2017,BG,200,180468,180508,180488,71,1520,1520,3040
W-,200,1,8,55,25-01-2017,BG,200,180584,180646,180615,76,1100,1880,2980
W-,200,1,9,42,25-01-2017,BG,200,180740,180813,180776.5,94,840,1960,2800
W-,200,1,10,87,25-01-2017,BG,200,180911,180987,180949,98,1740,2280,4020
W-,200,1,11,54,25-01-2017,BG,200,181101,181156,181128.5,114,1080,14920,16000
W-,200,1,12,60,25-01-2017,BG,200,181902,181944,181923,746,1200,1820,3020
W-,200,1,13,81,25-01-2017,BG,200,182035,182122,182078.5,91,1620,2080,3700
W-,200,1,14,76,25-01-2017,BG,200,182226,182280,182253,104,1520,NA,NA
W-,200,2,1,51,25-01-2017,BG,200,172489,172540,172514.5,NA,1020,3300,4320
W-,200,2,2,71,25-01-2017,BG,200,172705,172776,172740.5,165,1420,NA,NA
W-,200,3,1,60,25-01-2017,BG,200,216833,216893,216863,NA,1200,3520,4720
W-,200,3,2,81,25-01-2017,BG,200,217069,217150,217109.5,176,1620,1960,3580
W-,200,3,3,76,25-01-2017,BG,200,217248,217324,217286,98,1520,NA,NA
W-,200,4,1,75,25-01-2017,BG,200,232358,232433,232395.5,NA,1500,1460,2960
W-,200,4,2,104,25-01-2017,BG,200,232506,232610,232558,73,2080,3720,5800
W-,200,4,4,63,25-01-2017,BG,200,232796,232859,232827.5,186,1260,2320,3580
W-,200,4,5,102,25-01-2017,BG,200,232975,233077,233026,116,2040,1860,3900
W-,200,4,6,72,25-01-2017,BG,200,233170,233242,233206,93,1440,2700,4140
W-,200,4,7,62,25-01-2017,BG,200,233377,233439,233408,135,1240,NA,NA
W-,200,5,1,95,28-01-2017,BG,200,55393,55488,55440.5,NA,1900,10700,12600
W-,200,5,2,62,28-01-2017,BG,200,56023,56085,56054,535,1240,1240,2480
W-,200,5,3,57,28-01-2017,BG,200,56147,56204,56175.5,62,1140,NA,NA
(WW),300,1,1,95,28-01-2017,BG,300,192255,192350,192302.5,NA,1900,3640,5540
(WW),300,1,2,92,28-01-2017,BG,300,192532,192624,192578,182,1840,3100,4940
(WW),300,1,3,86,28-01-2017,BG,300,192779,192865,192822,155,1720,1840,3560
(WW),300,1,4,81,28-01-2017,BG,300,192957,193038,192997.5,92,1620,1680,3300
(WW),300,1,5,93,28-01-2017,BG,300,193122,193215,193168.5,84,1860,1540,3400
(WW),300,1,6,72,28-01-2017,BG,300,193292,193364,193328,77,1440,1920,3360
(WW),300,1,7,93,28-01-2017,BG,300,193460,193553,193506.5,96,1860,2920,4780
(WW),300,1,8,45,28-01-2017,BG,300,193699,193744,193721.5,146,900,NA,NA
O-,300,1,1,40,28-01-2017,BG,300,218245,218285,218265,NA,800,1360,2160
O-,300,1,2,56,28-01-2017,BG,300,218353,218409,218381,68,1120,1700,2820
O-,300,1,3,70,28-01-2017,BG,300,218494,218564,218529,85,1400,2140,3540
O-,300,1,4,68,28-01-2017,BG,300,218671,218739,218705,107,1360,2440,3800
O-,300,1,5,48,28-01-2017,BG,300,218861,218909,218885,122,960,1820,2780
O-,300,1,6,70,28-01-2017,BG,300,219000,219070,219035,91,1400,2340,3740
O-,300,1,7,69,28-01-2017,BG,300,219187,219256,219221.5,117,1380,2440,3820
O-,300,1,8,83,28-01-2017,BG,300,219378,219461,219419.5,122,1660,NA,NA
G-,300,1,1,70,29-01-2017,BG,300,107358,107428,107393,NA,1400,10780,12180
G-,300,1,2,71,29-01-2017,BG,300,107967,108038,108002.5,539,1420,4540,5960
G-,300,1,3,62,29-01-2017,BG,300,108265,108327,108296,227,1240,12020,13260
G-,300,1,4,98,29-01-2017,BG,300,108928,109026,108977,601,1960,NA,NA
G-,300,2,1,75,29-01-2017,BG,300,118387,118462,118424.5,NA,1500,10440,11940
G-,300,2,2,75,29-01-2017,BG,300,118984,119059,119021.5,522,1500,1420,2920
G-,300,2,3,68,29-01-2017,BG,300,119130,119198,119164,71,1360,1780,3140
G-,300,2,4,74,29-01-2017,BG,300,119287,119361,119324,89,1480,1780,3260
G-,300,2,5,74,29-01-2017,BG,300,119450,119524,119487,89,1480,6480,7960
G-,300,2,6,126,29-01-2017,BG,300,119848,119974,119911,324,2520,3640,6160
G-,300,2,7,101,29-01-2017,BG,300,120156,120257,120206.5,182,2020,NA,NA
_W,300,1,1,47,29-01-2017,BG,300,130981,131028,131004.5,NA,940,1540,2480
_W,300,1,2,73,29-01-2017,BG,300,131105,131178,131141.5,77,1460,2680,4140
_W,300,1,3,80,29-01-2017,BG,300,131312,131392,131352,134,1600,1680,3280
_W,300,1,4,72,29-01-2017,BG,300,131476,131548,131512,84,1440,NA,NA
G-,300,3,1,94,29-01-2017,BG,300,131396,131490,131443,NA,1880,1260,3140
G-,300,3,2,76,29-01-2017,BG,300,131553,131629,131591,63,1520,2560,4080
G-,300,3,3,101,29-01-2017,BG,300,131757,131858,131807.5,128,2020,5800,7820
G-,300,3,4,85,29-01-2017,BG,300,132148,132233,132190.5,290,1700,21340,23040
G-,300,3,5,56,29-01-2017,BG,300,133300,133356,133328,1067,1120,1320,2440
G-,300,3,6,92,29-01-2017,BG,300,133422,133514,133468,66,1840,1460,3300
G-,300,3,7,94,29-01-2017,BG,300,133587,133681,133634,73,1880,1540,3420
G-,300,3,8,76,29-01-2017,BG,300,133758,133834,133796,77,1520,3360,4880
G-,300,3,9,85,29-01-2017,BG,300,134002,134087,134044.5,168,1700,NA,NA
W-,300,1,1,34,29-01-2017,BG,300,133174,133208,133191,NA,680,1360,2040
W-,300,1,2,72,29-01-2017,BG,300,133276,133348,133312,68,1440,1600,3040
W-,300,1,3,56,29-01-2017,BG,300,133428,133484,133456,80,1120,2020,3140
W-,300,1,4,58,29-01-2017,BG,300,133585,133643,133614,101,1160,1880,3040
W-,300,1,5,82,29-01-2017,BG,300,133737,133819,133778,94,1640,1360,3000
W-,300,1,6,70,29-01-2017,BG,300,133887,133957,133922,68,1400,1580,2980
W-,300,1,7,72,29-01-2017,BG,300,134036,134108,134072,79,1440,1440,2880
W-,300,1,8,72,29-01-2017,BG,300,134180,134252,134216,72,1440,1580,3020
W-,300,1,9,61,29-01-2017,BG,300,134331,134392,134361.5,79,1220,2320,3540
W-,300,1,10,88,29-01-2017,BG,300,134508,134596,134552,116,1760,7140,8900
W-,300,1,11,87,29-01-2017,BG,300,134953,135040,134996.5,357,1740,6180,7920
W-,300,1,12,83,29-01-2017,BG,300,135349,135432,135390.5,309,1660,1380,3040
W-,300,1,13,68,29-01-2017,BG,300,135501,135569,135535,69,1360,1820,3180
W-,300,1,14,71,29-01-2017,BG,300,135660,135731,135695.5,91,1420,1600,3020
W-,300,1,15,83,29-01-2017,BG,300,135811,135894,135852.5,80,1660,1780,3440
W-,300,1,16,74,29-01-2017,BG,300,135983,136057,136020,89,1480,1600,3080
W-,300,1,17,73,29-01-2017,BG,300,136137,136210,136173.5,80,1460,1500,2960
W-,300,1,18,78,29-01-2017,BG,300,136285,136363,136324,75,1560,1240,2800
W-,300,1,19,60,29-01-2017,BG,300,136425,136485,136455,62,1200,NA,NA
(WW),400,1,1,34,28-01-2017,BG,400,455274,455308,455291,NA,680,2820,3500
(WW),400,1,2,81,28-01-2017,BG,400,455449,455530,455489.5,141,1620,19640,21260
(WW),400,1,3,66,28-01-2017,BG,400,456512,456578,456545,982,1320,2560,3880
(WW),400,1,4,94,28-01-2017,BG,400,456706,456800,456753,128,1880,2340,4220
(WW),400,1,5,94,28-01-2017,BG,400,456917,457011,456964,117,1880,2860,4740
(WW),400,1,6,120,28-01-2017,BG,400,457154,457274,457214,143,2400,1740,4140
(WW),400,1,7,62,28-01-2017,BG,400,457361,457423,457392,87,1240,2660,3900
(WW),400,1,8,84,28-01-2017,BG,400,457556,457640,457598,133,1680,1100,2780
(WW),400,1,9,89,28-01-2017,BG,400,457695,457784,457739.5,55,1780,1720,3500
(WW),400,1,10,93,28-01-2017,BG,400,457870,457963,457916.5,86,1860,1600,3460
(WW),400,1,11,106,28-01-2017,BG,400,458043,458149,458096,80,2120,2300,4420
(WW),400,1,12,84,28-01-2017,BG,400,458264,458348,458306,115,1680,1640,3320
(WW),400,1,13,103,28-01-2017,BG,400,458430,458533,458481.5,82,2060,2440,4500
(WW),400,1,14,68,28-01-2017,BG,400,458655,458723,458689,122,1360,1620,2980
(WW),400,1,15,98,28-01-2017,BG,400,458804,458902,458853,81,1960,2640,4600
(WW),400,1,16,90,28-01-2017,BG,400,459034,459124,459079,132,1800,1300,3100
(WW),400,1,17,68,28-01-2017,BG,400,459189,459257,459223,65,1360,13720,15080
(WW),400,1,18,80,28-01-2017,BG,400,459943,460023,459983,686,1600,3160,4760
(WW),400,1,19,79,28-01-2017,BG,400,460181,460260,460220.5,158,1580,NA,NA
YP,400,1,1,128,29-01-2017,BG,400,295373,295501,295437,NA,2560,960,3520
YP,400,1,2,121,29-01-2017,BG,400,295549,295670,295609.5,48,2420,6020,8440
YP,400,1,3,71,29-01-2017,BG,400,295971,296042,296006.5,301,1420,1720,3140
YP,400,1,4,138,29-01-2017,BG,400,296128,296266,296197,86,2760,1200,3960
YP,400,1,5,101,29-01-2017,BG,400,296326,296427,296376.5,60,2020,NA,NA
O-,400,1,1,55,29-01-2017,BG,400,296882,296937,296909.5,NA,1100,2100,3200
O-,400,1,2,76,29-01-2017,BG,400,297042,297118,297080,105,1520,1840,3360
O-,400,1,3,91,29-01-2017,BG,400,297210,297301,297255.5,92,1820,2120,3940
O-,400,1,4,79,29-01-2017,BG,400,297407,297486,297446.5,106,1580,1340,2920
O-,400,1,5,69,29-01-2017,BG,400,297553,297622,297587.5,67,1380,15980,17360
O-,400,1,6,103,29-01-2017,BG,400,298421,298524,298472.5,799,2060,2140,4200
O-,400,1,7,135,29-01-2017,BG,400,298631,298766,298698.5,107,2700,1540,4240
O-,400,1,8,81,29-01-2017,BG,400,298843,298924,298883.5,77,1620,1400,3020
O-,400,1,9,116,29-01-2017,BG,400,298994,299110,299052,70,2320,2120,4440
O-,400,1,10,106,29-01-2017,BG,400,299216,299322,299269,106,2120,NA,NA
W-,400,1,1,63,29-01-2017,BG,400,297631,297694,297662.5,NA,1260,1340,2600
W-,400,1,2,93,29-01-2017,BG,400,297761,297854,297807.5,67,1860,2240,4100
W-,400,1,3,105,29-01-2017,BG,400,297966,298071,298018.5,112,2100,1560,3660
W-,400,1,4,101,29-01-2017,BG,400,298149,298250,298199.5,78,2020,2140,4160
W-,400,1,5,105,29-01-2017,BG,400,298357,298462,298409.5,107,2100,7520,9620
W-,400,1,6,93,29-01-2017,BG,400,298838,298931,298884.5,376,1860,1580,3440
W-,400,1,7,84,29-01-2017,BG,400,299010,299094,299052,79,1680,2120,3800
W-,400,1,8,69,29-01-2017,BG,400,299200,299269,299234.5,106,1380,NA,NA
O-,500,1,1,80,29-01-2017,BG,500,425485,425565,425525,NA,1600,1940,3540
O-,500,1,2,109,29-01-2017,BG,500,425662,425771,425716.5,97,2180,2280,4460
O-,500,1,3,128,29-01-2017,BG,500,425885,426013,425949,114,2560,1820,4380
O-,500,1,4,121,29-01-2017,BG,500,426104,426225,426164.5,91,2420,3160,5580
O-,500,1,5,109,29-01-2017,BG,500,426383,426492,426437.5,158,2180,2580,4760
O-,500,1,6,114,29-01-2017,BG,500,426621,426735,426678,129,2280,2240,4520
O-,500,1,7,152,29-01-2017,BG,500,426847,426999,426923,112,3040,NA,NA
O-,500,2,1,97,29-01-2017,BG,500,491461,491558,491509.5,NA,1940,3660,5600
O-,500,2,2,118,29-01-2017,BG,500,491741,491859,491800,183,2360,2240,4600
O-,500,2,3,112,29-01-2017,BG,500,491971,492083,492027,112,2240,2820,5060
O-,500,2,4,166,29-01-2017,BG,500,492224,492390,492307,141,3320,2000,5320
O-,500,2,5,134,29-01-2017,BG,500,492490,492624,492557,100,2680,17900,20580
O-,500,2,6,121,29-01-2017,BG,500,493519,493640,493579.5,895,2420,3040,5460
O-,500,2,7,80,29-01-2017,BG,500,493792,493872,493832,152,1600,1980,3580
O-,500,2,8,103,29-01-2017,BG,500,493971,494074,494022.5,99,2060,NA,NA
(BB),500,1,1,77,29-01-2017,BG,500,504235,504312,504273.5,NA,1540,2220,3760
(BB),500,1,2,105,29-01-2017,BG,500,504423,504528,504475.5,111,2100,2720,4820
(BB),500,1,3,148,29-01-2017,BG,500,504664,504812,504738,136,2960,11880,14840
(BB),500,1,4,106,29-01-2017,BG,500,505406,505512,505459,594,2120,1760,3880
(BB),500,1,5,108,29-01-2017,BG,500,505600,505708,505654,88,2160,2440,4600
(BB),500,1,6,123,29-01-2017,BG,500,505830,505953,505891.5,122,2460,2680,5140
(BB),500,1,7,154,29-01-2017,BG,500,506087,506241,506164,134,3080,2680,5760
(BB),500,1,8,115,29-01-2017,BG,500,506375,506490,506432.5,134,2300,NA,NA
(WW),500,1,1,141,29-01-2017,BG,500,504333,504474,504403.5,NA,2820,1160,3980
(WW),500,1,2,185,29-01-2017,BG,500,504532,504717,504624.5,58,3700,2280,5980
(WW),500,1,3,133,29-01-2017,BG,500,504831,504964,504897.5,114,2660,1920,4580
(WW),500,1,4,129,29-01-2017,BG,500,505060,505189,505124.5,96,2580,3640,6220
(WW),500,1,5,133,29-01-2017,BG,500,505371,505504,505437.5,182,2660,NA,NA
YP,500,1,1,177,29-01-2017,BG,500,505295,505472,505383.5,NA,3540,1540,5080
YP,500,1,2,143,29-01-2017,BG,500,505549,505692,505620.5,77,2860,1460,4320
YP,500,1,3,130,29-01-2017,BG,500,505765,505895,505830,73,2600,13420,16020
YP,500,1,4,150,29-01-2017,BG,500,506566,506716,506641,671,3000,1260,4260
YP,500,1,5,143,29-01-2017,BG,500,506779,506922,506850.5,63,2860,NA,NA
W-,500,1,1,142,29-01-2017,BG,500,511078,511220,511149,NA,2840,2960,5800
W-,500,1,2,159,29-01-2017,BG,500,511368,511527,511447.5,148,3180,2380,5560
W-,500,1,3,138,29-01-2017,BG,500,511646,511784,511715,119,2760,5500,8260
W-,500,1,4,128,29-01-2017,BG,500,512059,512187,512123,275,2560,13700,16260
W-,500,1,5,144,29-01-2017,BG,500,512872,513016,512944,685,2880,2180,5060
W-,500,1,6,149,29-01-2017,BG,500,513125,513274,513199.5,109,2980,7940,10920
W-,500,1,7,123,29-01-2017,BG,500,513671,513794,513732.5,397,2460,NA,NA
(WW),500,1,1,111,29-01-2017,BG,500,518187,518298,518242.5,NA,2220,21940,24160
(WW),500,1,2,129,29-01-2017,BG,500,519395,519524,519459.5,1097,2580,2380,4960
(WW),500,1,3,173,29-01-2017,BG,500,519643,519816,519729.5,119,3460,2380,5840
(WW),500,1,4,110,29-01-2017,BG,500,519935,520045,519990,119,2200,1740,3940
(WW),500,1,5,112,29-01-2017,BG,500,520132,520244,520188,87,2240,2760,5000
(WW),500,1,6,131,29-01-2017,BG,500,520382,520513,520447.5,138,2620,2100,4720
(WW),500,1,7,164,29-01-2017,BG,500,520618,520782,520700,105,3280,1560,4840
(WW),500,1,8,132,29-01-2017,BG,500,520860,520992,520926,78,2640,1620,4260
(WW),500,1,9,110,29-01-2017,BG,500,521073,521183,521128,81,2200,1440,3640
(WW),500,1,10,98,29-01-2017,BG,500,521255,521353,521304,72,1960,2800,4760
(WW),500,1,11,135,29-01-2017,BG,500,521493,521628,521560.5,140,2700,2680,5380
(WW),500,1,12,122,29-01-2017,BG,500,521762,521884,521823,134,2440,1340,3780
(WW),500,1,13,138,29-01-2017,BG,500,521951,522089,522020,67,2760,2000,4760
(WW),500,1,14,100,29-01-2017,BG,500,522189,522289,522239,100,2000,2080,4080
(WW),500,1,15,128,29-01-2017,BG,500,522393,522521,522457,104,2560,NA,NA
(BB),500,2,1,115,29-01-2017,BG,500,520101,520216,520158.5,NA,2300,1520,3820
(BB),500,2,2,128,29-01-2017,BG,500,520292,520420,520356,76,2560,1340,3900
(BB),500,2,3,125,29-01-2017,BG,500,520487,520612,520549.5,67,2500,2400,4900
(BB),500,2,4,142,29-01-2017,BG,500,520732,520874,520803,120,2840,9660,12500
(BB),500,2,5,124,29-01-2017,BG,500,521357,521481,521419,483,2480,NA,NA
YP,500,2,1,139,29-01-2017,BG,500,523249,523388,523318.5,NA,2780,1620,4400
YP,500,2,2,138,29-01-2017,BG,500,523469,523607,523538,81,2760,2720,5480
YP,500,2,3,164,29-01-2017,BG,500,523743,523907,523825,136,3280,2040,5320
YP,500,2,4,150,29-01-2017,BG,500,524009,524159,524084,102,3000,3460,6460
YP,500,2,5,156,29-01-2017,BG,500,524332,524488,524410,173,3120,1660,4780
YP,500,2,6,114,29-01-2017,BG,500,524571,524685,524628,83,2280,2100,4380
YP,500,2,7,143,29-01-2017,BG,500,524790,524933,524861.5,105,2860,1080,3940
YP,500,2,8,177,29-01-2017,BG,500,524987,525164,525075.5,54,3540,1800,5340
YP,500,2,9,164,29-01-2017,BG,500,525254,525418,525336,90,3280,2040,5320
YP,500,2,10,151,29-01-2017,BG,500,525520,525671,525595.5,102,3020,1720,4740
YP,500,2,11,127,29-01-2017,BG,500,525757,525884,525820.5,86,2540,11060,13600
YP,500,2,12,134,29-01-2017,BG,500,526437,526571,526504,553,2680,1460,4140
YP,500,2,13,186,29-01-2017,BG,500,526644,526830,526737,73,3720,1100,4820
YP,500,2,14,153,29-01-2017,BG,500,526885,527038,526961.5,55,3060,1880,4940
YP,500,2,15,149,29-01-2017,BG,500,527132,527281,527206.5,94,2980,1880,4860
YP,500,2,16,119,29-01-2017,BG,500,527375,527494,527434.5,94,2380,1720,4100
YP,500,2,17,222,29-01-2017,BG,500,527580,527802,527691,86,4440,1620,6060
YP,500,2,18,141,29-01-2017,BG,500,527883,528024,527953.5,81,2820,1680,4500
YP,500,2,19,134,29-01-2017,BG,500,528108,528242,528175,84,2680,NA,NA
O-,500,3,1,126,29-01-2017,BG,500,530546,530672,530609,NA,2520,2620,5140
O-,500,3,2,119,29-01-2017,BG,500,530803,530922,530862.5,131,2380,2220,4600
O-,500,3,3,122,29-01-2017,BG,500,531033,531155,531094,111,2440,2120,4560
O-,500,3,4,144,29-01-2017,BG,500,531261,531405,531333,106,2880,1920,4800
O-,500,3,5,143,29-01-2017,BG,500,531501,531644,531572.5,96,2860,2500,5360
O-,500,3,6,136,29-01-2017,BG,500,531769,531905,531837,125,2720,5420,8140
O-,500,3,7,96,29-01-2017,BG,500,532176,532272,532224,271,1920,2820,4740
O-,500,3,8,101,29-01-2017,BG,500,532413,532514,532463.5,141,2020,1780,3800
O-,500,3,9,74,29-01-2017,BG,500,532603,532677,532640,89,1480,NA,NA
W-,500,2,1,147,29-01-2017,BG,500,533959,534106,534032.5,NA,2940,3160,6100
W-,500,2,2,174,29-01-2017,BG,500,534264,534438,534351,158,3480,2320,5800
W-,500,2,3,186,29-01-2017,BG,500,534554,534740,534647,116,3720,2500,6220
W-,500,2,4,191,29-01-2017,BG,500,534865,535056,534960.5,125,3820,2460,6280
W-,500,2,5,177,29-01-2017,BG,500,535179,535356,535267.5,123,3540,3580,7120
W-,500,2,6,155,29-01-2017,BG,500,535535,535690,535612.5,179,3100,NA,NA
