"spc","condition","dist","bee","dance","run","start","end","frames","return_phase","circuit_dur","wag_phase","ret_phase","circuit"
"Apis cerena","BG",100," -W",1,1,36993,37020,27,84,111,540,1680,2220
"Apis cerena","BG",100," -W",1,2,37104,37132,28,80,108,560,1600,2160
"Apis cerena","BG",100," -W",1,3,37212,37236,24,86,110,480,1720,2200
"Apis cerena","BG",100," -W",1,4,37322,37342,20,80,100,400,1600,2000
"Apis cerena","BG",100," -W",1,5,37422,37449,27,95,122,540,1900,2440
"Apis cerena","BG",100," -W",1,6,37544,37570,26,80,106,520,1600,2120
"Apis cerena","BG",100," -W",1,7,37650,37670,20,NA,NA,400,NA,NA
"Apis cerena","BG",100,"W-",1,1,54307,54322,15,98,113,300,1960,2260
"Apis cerena","BG",100,"W-",1,2,54420,54436,16,117,133,320,2340,2660
"Apis cerena","BG",100,"W-",1,3,54553,54567,14,86,100,280,1720,2000
"Apis cerena","BG",100,"W-",1,4,54653,54672,19,105,124,380,2100,2480
"Apis cerena","BG",100,"W-",1,5,54777,54802,25,88,113,500,1760,2260
"Apis cerena","BG",100,"W-",1,6,54890,54912,22,NA,NA,440,NA,NA
"Apis cerena","BG",100," -W",2,1,61479,61490,11,88,99,220,1760,1980
"Apis cerena","BG",100," -W",2,2,61578,61596,18,82,100,360,1640,2000
"Apis cerena","BG",100," -W",2,3,61678,61704,26,80,106,520,1600,2120
"Apis cerena","BG",100," -W",2,4,61784,61806,22,92,114,440,1840,2280
"Apis cerena","BG",100," -W",2,5,61898,61917,19,79,98,380,1580,1960
"Apis cerena","BG",100," -W",2,6,61996,62015,19,95,114,380,1900,2280
"Apis cerena","BG",100," -W",2,7,62110,62138,28,86,114,560,1720,2280
"Apis cerena","BG",100," -W",2,8,62224,62243,19,85,104,380,1700,2080
"Apis cerena","BG",100," -W",2,9,62328,62336,8,100,108,160,2000,2160
"Apis cerena","BG",100," -W",2,10,62436,62456,20,98,118,400,1960,2360
"Apis cerena","BG",100," -W",2,11,62554,62577,23,83,106,460,1660,2120
"Apis cerena","BG",100," -W",2,12,62660,62681,21,103,124,420,2060,2480
"Apis cerena","BG",100," -W",2,13,62784,62809,25,85,110,500,1700,2200
"Apis cerena","BG",100," -W",2,14,62894,62912,18,NA,NA,360,NA,NA
"Apis cerena","BG",100,"R-",1,1,45968,45984,16,66,82,320,1320,1640
"Apis cerena","BG",100,"R-",1,2,46050,46068,18,71,89,360,1420,1780
"Apis cerena","BG",100,"R-",1,3,46139,46148,9,69,78,180,1380,1560
"Apis cerena","BG",100,"R-",1,4,46217,46232,15,84,99,300,1680,1980
"Apis cerena","BG",100,"R-",1,5,46316,46334,18,101,119,360,2020,2380
"Apis cerena","BG",100,"R-",1,6,46435,46454,19,86,105,380,1720,2100
"Apis cerena","BG",100,"R-",1,7,46540,46562,22,78,100,440,1560,2000
"Apis cerena","BG",100,"R-",1,8,46640,46650,10,74,84,200,1480,1680
"Apis cerena","BG",100,"R-",1,9,46724,46738,14,102,116,280,2040,2320
"Apis cerena","BG",100,"R-",1,10,46840,46866,26,78,104,520,1560,2080
"Apis cerena","BG",100,"R-",1,11,46944,46962,18,70,88,360,1400,1760
"Apis cerena","BG",100,"R-",1,12,47032,47046,14,84,98,280,1680,1960
"Apis cerena","BG",100,"R-",1,13,47130,47150,20,92,112,400,1840,2240
"Apis cerena","BG",100,"R-",1,14,47242,47256,14,96,110,280,1920,2200
"Apis cerena","BG",100,"R-",1,15,47352,47362,10,NA,NA,200,NA,NA
"Apis cerena","BG",100,"W-",2,1,4562,4582,20,77,97,400,1540,1940
"Apis cerena","BG",100,"W-",2,2,4659,4694,35,78,113,700,1560,2260
"Apis cerena","BG",100,"W-",2,3,4772,4805,33,71,104,660,1420,2080
"Apis cerena","BG",100,"W-",2,4,4876,4890,14,102,116,280,2040,2320
"Apis cerena","BG",100,"W-",2,5,4992,5022,30,69,99,600,1380,1980
"Apis cerena","BG",100,"W-",2,6,5091,5118,27,97,124,540,1940,2480
"Apis cerena","BG",100,"W-",2,7,5215,5238,23,97,120,460,1940,2400
"Apis cerena","BG",100,"W-",2,8,5335,5354,19,93,112,380,1860,2240
"Apis cerena","BG",100,"W-",2,9,5447,5462,15,84,99,300,1680,1980
"Apis cerena","BG",100,"W-",2,10,5546,5567,21,NA,NA,420,NA,NA
"Apis cerena","BG",100,"R-",2,1,31412,31428,16,84,100,320,1680,2000
"Apis cerena","BG",100,"R-",2,2,31512,31524,12,89,101,240,1780,2020
"Apis cerena","BG",100,"R-",2,3,31613,31622,9,82,91,180,1640,1820
"Apis cerena","BG",100,"R-",2,4,31704,31718,14,82,96,280,1640,1920
"Apis cerena","BG",100,"R-",2,5,31800,31812,12,82,94,240,1640,1880
"Apis cerena","BG",100,"R-",2,6,31894,31911,17,79,96,340,1580,1920
"Apis cerena","BG",100,"R-",2,7,31990,32010,20,88,108,400,1760,2160
"Apis cerena","BG",100,"R-",2,8,32098,32107,9,85,94,180,1700,1880
"Apis cerena","BG",100,"R-",2,9,32192,32205,13,99,112,260,1980,2240
"Apis cerena","BG",100,"R-",2,10,32304,32322,18,84,102,360,1680,2040
"Apis cerena","BG",100,"R-",2,11,32406,32417,11,71,82,220,1420,1640
"Apis cerena","BG",100,"R-",2,12,32488,32500,12,74,86,240,1480,1720
"Apis cerena","BG",100,"R-",2,13,32574,32592,18,NA,NA,360,NA,NA
"Apis cerena","BG",100," -W",3,1,3619,3631,12,21,33,240,420,660
"Apis cerena","BG",100," -W",3,2,3652,3670,18,170,188,360,3400,3760
"Apis cerena","BG",100," -W",3,3,3840,3852,12,NA,NA,240,NA,NA
"Apis cerena","BG",100,"Y/Y",1,1,51440,51459,19,181,200,380,3620,4000
"Apis cerena","BG",100,"Y/Y",1,2,51640,51650,10,146,156,200,2920,3120
"Apis cerena","BG",100,"Y/Y",1,3,51796,51810,14,76,90,280,1520,1800
"Apis cerena","BG",100,"Y/Y",1,4,51886,51902,16,NA,NA,320,NA,NA
"Apis cerena","BG",100," -B",1,1,20892,20911,19,115,134,380,2300,2680
"Apis cerena","BG",100," -B",1,2,21026,21042,16,158,174,320,3160,3480
"Apis cerena","BG",100," -B",1,3,21200,21228,28,133,161,560,2660,3220
"Apis cerena","BG",100," -B",1,4,21361,21377,16,48,64,320,960,1280
"Apis cerena","BG",100," -B",1,5,21425,21442,17,NA,NA,340,NA,NA
"Apis cerena","BG",100,"Y/Y",2,1,57444,57471,27,93,120,540,1860,2400
"Apis cerena","BG",100,"Y/Y",2,2,57564,57572,8,74,82,160,1480,1640
"Apis cerena","BG",100,"Y/Y",2,3,57646,57670,24,71,95,480,1420,1900
"Apis cerena","BG",100,"Y/Y",2,4,57741,57776,35,88,123,700,1760,2460
"Apis cerena","BG",100,"Y/Y",2,5,57864,57886,22,124,146,440,2480,2920
"Apis cerena","BG",100,"Y/Y",2,6,58010,58027,17,83,100,340,1660,2000
"Apis cerena","BG",100,"Y/Y",2,7,58110,58132,22,86,108,440,1720,2160
"Apis cerena","BG",100,"Y/Y",2,8,58218,58230,12,NA,NA,240,NA,NA
"Apis cerena","BG",200," -G",1,1,42492,42509,17,112,129,340,2240,2580
"Apis cerena","BG",200," -G",1,2,42621,42659,38,100,138,760,2000,2760
"Apis cerena","BG",200," -G",1,3,42759,42785,26,95,121,520,1900,2420
"Apis cerena","BG",200," -G",1,4,42880,42911,31,86,117,620,1720,2340
"Apis cerena","BG",200," -G",1,5,42997,43033,36,121,157,720,2420,3140
"Apis cerena","BG",200," -G",1,6,43154,43183,29,104,133,580,2080,2660
"Apis cerena","BG",200," -G",1,7,43287,43324,37,110,147,740,2200,2940
"Apis cerena","BG",200," -G",1,8,43434,43458,24,NA,NA,480,NA,NA
"Apis cerena","BG",200,"B-",1,1,35276,35289,13,52,65,260,1040,1300
"Apis cerena","BG",200,"B-",1,2,35341,35352,11,170,181,220,3400,3620
"Apis cerena","BG",200,"B-",1,3,35522,35537,15,91,106,300,1820,2120
"Apis cerena","BG",200,"B-",1,4,35628,35637,9,NA,NA,180,NA,NA
"Apis cerena","BG",200,"Y/Y",1,1,6177,6230,53,82,135,1060,1640,2700
"Apis cerena","BG",200,"Y/Y",1,2,6312,6376,64,91,155,1280,1820,3100
"Apis cerena","BG",200,"Y/Y",1,3,6467,6513,46,100,146,920,2000,2920
"Apis cerena","BG",200,"Y/Y",1,4,6613,6671,58,90,148,1160,1800,2960
"Apis cerena","BG",200,"Y/Y",1,5,6761,6816,55,104,159,1100,2080,3180
"Apis cerena","BG",200,"Y/Y",1,6,6920,6977,57,88,145,1140,1760,2900
"Apis cerena","BG",200,"Y/Y",1,7,7065,7112,47,104,151,940,2080,3020
"Apis cerena","BG",200,"Y/Y",1,8,7216,7259,43,NA,NA,860,NA,NA
"Apis cerena","BG",200," -Y",1,1,62344,62358,14,88,102,280,1760,2040
"Apis cerena","BG",200," -Y",1,2,62446,62467,21,160,181,420,3200,3620
"Apis cerena","BG",200," -Y",1,3,62627,62639,12,NA,NA,240,NA,NA
"Apis cerena","BG",200," -B",1,1,49084,49104,20,66,86,400,1320,1720
"Apis cerena","BG",200," -B",1,2,49170,49195,25,77,102,500,1540,2040
"Apis cerena","BG",200," -B",1,3,49272,49282,10,93,103,200,1860,2060
"Apis cerena","BG",200," -B",1,4,49375,49417,42,76,118,840,1520,2360
"Apis cerena","BG",200," -B",1,5,49493,49516,23,93,116,460,1860,2320
"Apis cerena","BG",200," -B",1,6,49609,49667,58,60,118,1160,1200,2360
"Apis cerena","BG",200," -B",1,7,49727,49748,21,76,97,420,1520,1940
"Apis cerena","BG",200," -B",1,8,49824,49851,27,83,110,540,1660,2200
"Apis cerena","BG",200," -B",1,9,49934,49965,31,83,114,620,1660,2280
"Apis cerena","BG",200," -B",1,10,50048,50084,36,75,111,720,1500,2220
"Apis cerena","BG",200," -B",1,11,50159,50186,27,97,124,540,1940,2480
"Apis cerena","BG",200," -B",1,12,50283,50323,40,NA,NA,800,NA,NA
"Apis cerena","BG",200," -B",2,1,68250,68267,17,81,98,340,1620,1960
"Apis cerena","BG",200," -B",2,2,68348,68365,17,48,65,340,960,1300
"Apis cerena","BG",200," -B",2,3,68413,68446,33,109,142,660,2180,2840
"Apis cerena","BG",200," -B",2,4,68555,68599,44,102,146,880,2040,2920
"Apis cerena","BG",200," -B",2,5,68701,68725,24,103,127,480,2060,2540
"Apis cerena","BG",200," -B",2,6,68828,68843,15,87,102,300,1740,2040
"Apis cerena","BG",200," -B",2,7,68930,68963,33,84,117,660,1680,2340
"Apis cerena","BG",200," -B",2,8,69047,69080,33,94,127,660,1880,2540
"Apis cerena","BG",200," -B",2,9,69174,69203,29,84,113,580,1680,2260
"Apis cerena","BG",200," -B",2,10,69287,69308,21,106,127,420,2120,2540
"Apis cerena","BG",200," -B",2,11,69414,69443,29,95,124,580,1900,2480
"Apis cerena","BG",200," -B",2,12,69538,69572,34,NA,NA,680,NA,NA
"Apis cerena","BG",200," -B",3,1,15240,15251,11,81,92,220,1620,1840
"Apis cerena","BG",200," -B",3,2,15332,15378,46,131,177,920,2620,3540
"Apis cerena","BG",200," -B",3,3,15509,15554,45,108,153,900,2160,3060
"Apis cerena","BG",200," -B",3,4,15662,15700,38,103,141,760,2060,2820
"Apis cerena","BG",200," -B",3,5,15803,15822,19,92,111,380,1840,2220
"Apis cerena","BG",200," -B",3,6,15914,15954,40,104,144,800,2080,2880
"Apis cerena","BG",200," -B",3,7,16058,16078,20,107,127,400,2140,2540
"Apis cerena","BG",200," -B",3,8,16185,16209,24,94,118,480,1880,2360
"Apis cerena","BG",200," -B",3,9,16303,16334,31,90,121,620,1800,2420
"Apis cerena","BG",200," -B",3,10,16424,16454,30,105,135,600,2100,2700
"Apis cerena","BG",200," -B",3,11,16559,16572,13,NA,NA,260,NA,NA
"Apis cerena","BG",200," -B",4,1,23771,23803,32,101,133,640,2020,2660
"Apis cerena","BG",200," -B",4,2,23904,23926,22,80,102,440,1600,2040
"Apis cerena","BG",200," -B",4,3,24006,24044,38,89,127,760,1780,2540
"Apis cerena","BG",200," -B",4,4,24133,24162,29,94,123,580,1880,2460
"Apis cerena","BG",200," -B",4,5,24256,24299,43,93,136,860,1860,2720
"Apis cerena","BG",200," -B",4,6,24392,24431,39,89,128,780,1780,2560
"Apis cerena","BG",200," -B",4,7,24520,24559,39,103,142,780,2060,2840
"Apis cerena","BG",200," -B",4,8,24662,24684,22,97,119,440,1940,2380
"Apis cerena","BG",200," -B",4,9,24781,24814,33,103,136,660,2060,2720
"Apis cerena","BG",200," -B",4,10,24917,24941,24,80,104,480,1600,2080
"Apis cerena","BG",200," -B",4,11,25021,25060,39,89,128,780,1780,2560
"Apis cerena","BG",200," -B",4,12,25149,25179,30,95,125,600,1900,2500
"Apis cerena","BG",200," -B",4,13,25274,25311,37,NA,NA,740,NA,NA
"Apis cerena","BG",200,"Y/Y",2,1,33220,33257,37,79,116,740,1580,2320
"Apis cerena","BG",200,"Y/Y",2,2,33336,33374,38,92,130,760,1840,2600
"Apis cerena","BG",200,"Y/Y",2,3,33466,33511,45,96,141,900,1920,2820
"Apis cerena","BG",200,"Y/Y",2,4,33607,33651,44,113,157,880,2260,3140
"Apis cerena","BG",200,"Y/Y",2,5,33764,33801,37,124,161,740,2480,3220
"Apis cerena","BG",200,"Y/Y",2,6,33925,33968,43,117,160,860,2340,3200
"Apis cerena","BG",200,"Y/Y",2,7,34085,34117,32,96,128,640,1920,2560
"Apis cerena","BG",200,"Y/Y",2,8,34213,34241,28,100,128,560,2000,2560
"Apis cerena","BG",200,"Y/Y",2,9,34341,34393,52,89,141,1040,1780,2820
"Apis cerena","BG",200,"Y/Y",2,10,34482,34524,42,NA,NA,840,NA,NA
"Apis cerena","BG",200,"B-",2,1,3474,3485,11,149,160,220,2980,3200
"Apis cerena","BG",200,"B-",2,2,3634,3661,27,68,95,540,1360,1900
"Apis cerena","BG",200,"B-",2,3,3729,3736,7,85,92,140,1700,1840
"Apis cerena","BG",200,"B-",2,4,3821,3851,30,90,120,600,1800,2400
"Apis cerena","BG",200,"B-",2,5,3941,3949,8,94,102,160,1880,2040
"Apis cerena","BG",200,"B-",2,6,4043,4069,26,91,117,520,1820,2340
"Apis cerena","BG",200,"B-",2,7,4160,4173,13,84,97,260,1680,1940
"Apis cerena","BG",200,"B-",2,8,4257,4280,23,96,119,460,1920,2380
"Apis cerena","BG",200,"B-",2,9,4376,4403,27,NA,NA,540,NA,NA
"Apis cerena","BG",300," -G",1,1,50870,50910,40,90,130,800,1800,2600
"Apis cerena","BG",300," -G",1,2,51000,51050,50,72,122,1000,1440,2440
"Apis cerena","BG",300," -G",1,3,51122,51174,52,91,143,1040,1820,2860
"Apis cerena","BG",300," -G",1,4,51265,51329,64,NA,NA,1280,NA,NA
"Apis cerena","BG",300," -G",2,1,34028,34060,32,101,133,640,2020,2660
"Apis cerena","BG",300," -G",2,2,34161,34215,54,104,158,1080,2080,3160
"Apis cerena","BG",300," -G",2,3,34319,34377,58,94,152,1160,1880,3040
"Apis cerena","BG",300," -G",2,4,34471,34523,52,89,141,1040,1780,2820
"Apis cerena","BG",300," -G",2,5,34612,34672,60,103,163,1200,2060,3260
"Apis cerena","BG",300," -G",2,6,34775,34822,47,99,146,940,1980,2920
"Apis cerena","BG",300," -G",2,7,34921,34986,65,120,185,1300,2400,3700
"Apis cerena","BG",300," -G",2,8,35106,35142,36,90,126,720,1800,2520
"Apis cerena","BG",300," -G",2,9,35232,35290,58,141,199,1160,2820,3980
"Apis cerena","BG",300," -G",2,10,35431,35456,25,78,103,500,1560,2060
"Apis cerena","BG",300," -G",2,11,35534,35594,60,115,175,1200,2300,3500
"Apis cerena","BG",300," -G",2,12,35709,35764,55,90,145,1100,1800,2900
"Apis cerena","BG",300," -G",2,13,35854,35927,73,127,200,1460,2540,4000
"Apis cerena","BG",300," -G",2,14,36054,36092,38,126,164,760,2520,3280
"Apis cerena","BG",300," -G",2,15,36218,36282,64,NA,NA,1280,NA,NA
"Apis cerena","BG",300,"Y-",1,1,2232,2247,15,90,105,300,1800,2100
"Apis cerena","BG",300,"Y-",1,2,2337,2385,48,87,135,960,1740,2700
"Apis cerena","BG",300,"Y-",1,3,2472,2536,64,84,148,1280,1680,2960
"Apis cerena","BG",300,"Y-",1,4,2620,2692,72,122,194,1440,2440,3880
"Apis cerena","BG",300,"Y-",1,5,2814,2868,54,100,154,1080,2000,3080
"Apis cerena","BG",300,"Y-",1,6,2968,3035,67,95,162,1340,1900,3240
"Apis cerena","BG",300,"Y-",1,7,3130,3213,83,123,206,1660,2460,4120
"Apis cerena","BG",300,"Y-",1,8,3336,3421,85,111,196,1700,2220,3920
"Apis cerena","BG",300,"Y-",1,9,3532,3578,46,96,142,920,1920,2840
"Apis cerena","BG",300,"Y-",1,10,3674,3763,89,108,197,1780,2160,3940
"Apis cerena","BG",300,"Y-",1,11,3871,3939,68,104,172,1360,2080,3440
"Apis cerena","BG",300,"Y-",1,12,4043,4110,67,140,207,1340,2800,4140
"Apis cerena","BG",300,"Y-",1,13,4250,4315,65,NA,NA,1300,NA,NA
"Apis cerena","BG",300," -G",3,1,11410,11437,27,123,150,540,2460,3000
"Apis cerena","BG",300," -G",3,2,11560,11591,31,117,148,620,2340,2960
"Apis cerena","BG",300," -G",3,3,11708,11771,63,87,150,1260,1740,3000
"Apis cerena","BG",300," -G",3,4,11858,11922,64,102,166,1280,2040,3320
"Apis cerena","BG",300," -G",3,5,12024,12090,66,94,160,1320,1880,3200
"Apis cerena","BG",300," -G",3,6,12184,12239,55,107,162,1100,2140,3240
"Apis cerena","BG",300," -G",3,7,12346,12404,58,104,162,1160,2080,3240
"Apis cerena","BG",300," -G",3,8,12508,12560,52,108,160,1040,2160,3200
"Apis cerena","BG",300," -G",3,9,12668,12723,55,85,140,1100,1700,2800
"Apis cerena","BG",300," -G",3,10,12808,12860,52,115,167,1040,2300,3340
"Apis cerena","BG",300," -G",3,11,12975,13025,50,NA,NA,1000,NA,NA
"Apis cerena","BG",300,"R-",1,1,23873,23894,21,236,257,420,4720,5140
"Apis cerena","BG",300,"R-",1,2,24130,24160,30,142,172,600,2840,3440
"Apis cerena","BG",300,"R-",1,3,24302,24324,22,NA,NA,440,NA,NA
"Apis cerena","BG",300,"P/P",1,1,62840,62883,43,92,135,860,1840,2700
"Apis cerena","BG",300,"P/P",1,2,62975,63021,46,121,167,920,2420,3340
"Apis cerena","BG",300,"P/P",1,3,63142,63207,65,93,158,1300,1860,3160
"Apis cerena","BG",300,"P/P",1,4,63300,63373,73,NA,NA,1460,NA,NA
"Apis cerena","BG",300,"P/P",2,1,18444,18479,35,86,121,700,1720,2420
"Apis cerena","BG",300,"P/P",2,2,18565,18621,56,112,168,1120,2240,3360
"Apis cerena","BG",300,"P/P",2,3,18733,18803,70,106,176,1400,2120,3520
"Apis cerena","BG",300,"P/P",2,4,18909,18957,48,97,145,960,1940,2900
"Apis cerena","BG",300,"P/P",2,5,19054,19134,80,93,173,1600,1860,3460
"Apis cerena","BG",300,"P/P",2,6,19227,19291,64,97,161,1280,1940,3220
"Apis cerena","BG",300,"P/P",2,7,19388,19460,72,85,157,1440,1700,3140
"Apis cerena","BG",300,"P/P",2,8,19545,19617,72,112,184,1440,2240,3680
"Apis cerena","BG",300,"P/P",2,9,19729,19795,66,NA,NA,1320,NA,NA
"Apis cerena","BG",300," -G",4,1,31351,31401,50,105,155,1000,2100,3100
"Apis cerena","BG",300," -G",4,2,31506,31573,67,120,187,1340,2400,3740
"Apis cerena","BG",300," -G",4,3,31693,31739,46,122,168,920,2440,3360
"Apis cerena","BG",300," -G",4,4,31861,31912,51,117,168,1020,2340,3360
"Apis cerena","BG",300," -G",4,5,32029,32091,62,124,186,1240,2480,3720
"Apis cerena","BG",300," -G",4,6,32215,32260,45,NA,NA,900,NA,NA
"Apis cerena","BG",300,"G-",1,1,31800,31831,31,273,304,620,5460,6080
"Apis cerena","BG",300,"G-",1,2,32104,32164,60,224,284,1200,4480,5680
"Apis cerena","BG",300,"G-",1,3,32388,32457,69,150,219,1380,3000,4380
"Apis cerena","BG",300,"G-",1,4,32607,32675,68,99,167,1360,1980,3340
"Apis cerena","BG",300,"G-",1,5,32774,32858,84,136,220,1680,2720,4400
"Apis cerena","BG",300,"G-",1,6,32994,33061,67,107,174,1340,2140,3480
"Apis cerena","BG",300,"G-",1,7,33168,33245,77,141,218,1540,2820,4360
"Apis cerena","BG",300,"G-",1,8,33386,33423,37,112,149,740,2240,2980
"Apis cerena","BG",300,"G-",1,9,33535,33576,41,NA,NA,820,NA,NA
"Apis cerena","BG",300," -G",5,1,18789,18844,55,84,139,1100,1680,2780
"Apis cerena","BG",300," -G",5,2,18928,18990,62,27,89,1240,540,1780
"Apis cerena","BG",300," -G",5,3,19017,19141,124,110,234,2480,2200,4680
"Apis cerena","BG",300," -G",5,4,19251,19316,65,84,149,1300,1680,2980
"Apis cerena","BG",300," -G",5,5,19400,19479,79,108,187,1580,2160,3740
"Apis cerena","BG",300," -G",5,6,19587,19642,55,100,155,1100,2000,3100
"Apis cerena","BG",300," -G",5,7,19742,19829,87,112,199,1740,2240,3980
"Apis cerena","BG",300," -G",5,8,19941,19997,56,101,157,1120,2020,3140
"Apis cerena","BG",300," -G",5,9,20098,20170,72,NA,NA,1440,NA,NA
"Apis cerena","BG",400,"W-",1,1,33204,33269,65,139,204,1300,2780,4080
"Apis cerena","BG",400,"W-",1,2,33408,33484,76,129,205,1520,2580,4100
"Apis cerena","BG",400,"W-",1,3,33613,33692,79,NA,NA,1580,NA,NA
"Apis cerena","BG",400,"W-",2,1,6996,7074,78,391,469,1560,7820,9380
"Apis cerena","BG",400,"W-",2,2,7465,7512,47,163,210,940,3260,4200
"Apis cerena","BG",400,"W-",2,3,7675,7734,59,NA,NA,1180,NA,NA
"Apis cerena","BG",400," -G",1,1,3436,3511,75,136,211,1500,2720,4220
"Apis cerena","BG",400," -G",1,2,3647,3755,108,89,197,2160,1780,3940
"Apis cerena","BG",400," -G",1,3,3844,3952,108,102,210,2160,2040,4200
"Apis cerena","BG",400," -G",1,4,4054,4147,93,114,207,1860,2280,4140
"Apis cerena","BG",400," -G",1,5,4261,4358,97,93,190,1940,1860,3800
"Apis cerena","BG",400," -G",1,6,4451,4549,98,114,212,1960,2280,4240
"Apis cerena","BG",400," -G",1,7,4663,4767,104,NA,NA,2080,NA,NA
"Apis cerena","BG",400," -G",2,1,20452,20472,20,90,110,400,1800,2200
"Apis cerena","BG",400," -G",2,2,20562,20630,68,98,166,1360,1960,3320
"Apis cerena","BG",400," -G",2,3,20728,20838,110,104,214,2200,2080,4280
"Apis cerena","BG",400," -G",2,4,20942,21032,90,112,202,1800,2240,4040
"Apis cerena","BG",400," -G",2,5,21144,21241,97,95,192,1940,1900,3840
"Apis cerena","BG",400," -G",2,6,21336,21437,101,123,224,2020,2460,4480
"Apis cerena","BG",400," -G",2,7,21560,21662,102,102,204,2040,2040,4080
"Apis cerena","BG",400," -G",2,8,21764,21850,86,137,223,1720,2740,4460
"Apis cerena","BG",400," -G",2,9,21987,22086,99,139,238,1980,2780,4760
"Apis cerena","BG",400," -G",2,10,22225,22314,89,115,204,1780,2300,4080
"Apis cerena","BG",400," -G",2,11,22429,22533,104,141,245,2080,2820,4900
"Apis cerena","BG",400," -G",2,12,22674,22743,69,109,178,1380,2180,3560
"Apis cerena","BG",400," -G",2,13,22852,22942,90,116,206,1800,2320,4120
"Apis cerena","BG",400," -G",2,14,23058,23148,90,115,205,1800,2300,4100
"Apis cerena","BG",400," -G",2,15,23263,23365,102,135,237,2040,2700,4740
"Apis cerena","BG",400," -G",2,16,23500,23596,96,107,203,1920,2140,4060
"Apis cerena","BG",400," -G",2,17,23703,23795,92,NA,NA,1840,NA,NA
"Apis cerena","BG",400," -G",3,1,58936,59017,81,163,244,1620,3260,4880
"Apis cerena","BG",400," -G",3,2,59180,59238,58,104,162,1160,2080,3240
"Apis cerena","BG",400," -G",3,3,59342,59421,79,123,202,1580,2460,4040
"Apis cerena","BG",400," -G",3,4,59544,59631,87,135,222,1740,2700,4440
"Apis cerena","BG",400," -G",3,5,59766,59861,95,107,202,1900,2140,4040
"Apis cerena","BG",400," -G",3,6,59968,60069,101,113,214,2020,2260,4280
"Apis cerena","BG",400," -G",3,7,60182,60261,79,110,189,1580,2200,3780
"Apis cerena","BG",400," -G",3,8,60371,60452,81,125,206,1620,2500,4120
"Apis cerena","BG",400," -G",3,9,60577,60660,83,189,272,1660,3780,5440
"Apis cerena","BG",400," -G",3,10,60849,60917,68,121,189,1360,2420,3780
"Apis cerena","BG",400," -G",3,11,61038,61133,95,142,237,1900,2840,4740
"Apis cerena","BG",400," -G",3,12,61275,61349,74,117,191,1480,2340,3820
"Apis cerena","BG",400," -G",3,13,61466,61555,89,NA,NA,1780,NA,NA
"Apis cerena","BG",400,"W-",3,1,40418,40469,51,113,164,1020,2260,3280
"Apis cerena","BG",400,"W-",3,2,40582,40647,65,101,166,1300,2020,3320
"Apis cerena","BG",400,"W-",3,3,40748,40851,103,NA,NA,2060,NA,NA
"Apis cerena","BG",400,"W-",4,1,21828,21894,66,154,220,1320,3080,4400
"Apis cerena","BG",400,"W-",4,2,22048,22132,84,131,215,1680,2620,4300
"Apis cerena","BG",400,"W-",4,3,22263,22337,74,175,249,1480,3500,4980
"Apis cerena","BG",400,"W-",4,4,22512,22564,52,102,154,1040,2040,3080
"Apis cerena","BG",400,"W-",4,5,22666,22747,81,99,180,1620,1980,3600
"Apis cerena","BG",400,"W-",4,6,22846,22937,91,NA,NA,1820,NA,NA
"Apis cerena","BG",400,"W-",5,1,36238,36322,84,142,226,1680,2840,4520
"Apis cerena","BG",400,"W-",5,2,36464,36561,97,475,572,1940,9500,11440
"Apis cerena","BG",400,"W-",5,3,37036,37105,69,89,158,1380,1780,3160
"Apis cerena","BG",400,"W-",5,4,37194,37293,99,121,220,1980,2420,4400
"Apis cerena","BG",400,"W-",5,5,37414,37509,95,122,217,1900,2440,4340
"Apis cerena","BG",400,"W-",5,6,37631,37688,57,101,158,1140,2020,3160
"Apis cerena","BG",400,"W-",5,7,37789,37892,103,100,203,2060,2000,4060
"Apis cerena","BG",400,"W-",5,8,37992,38106,114,125,239,2280,2500,4780
"Apis cerena","BG",400,"W-",5,9,38231,38328,97,104,201,1940,2080,4020
"Apis cerena","BG",400,"W-",5,10,38432,38521,89,98,187,1780,1960,3740
"Apis cerena","BG",400,"W-",5,11,38619,38717,98,129,227,1960,2580,4540
"Apis cerena","BG",400,"W-",5,12,38846,38962,116,101,217,2320,2020,4340
"Apis cerena","BG",400,"W-",5,13,39063,39142,79,118,197,1580,2360,3940
"Apis cerena","BG",400,"W-",5,14,39260,39337,77,137,214,1540,2740,4280
"Apis cerena","BG",400,"W-",5,15,39474,39568,94,163,257,1880,3260,5140
"Apis cerena","BG",400,"W-",5,16,39731,39811,80,107,187,1600,2140,3740
"Apis cerena","BG",400,"W-",5,17,39918,40000,82,176,258,1640,3520,5160
"Apis cerena","BG",400,"W-",5,18,40176,40270,94,136,230,1880,2720,4600
"Apis cerena","BG",400,"W-",5,19,40406,40492,86,NA,NA,1720,NA,NA
"Apis cerena","BG",400," -G",4,1,23330,23391,61,111,172,1220,2220,3440
"Apis cerena","BG",400," -G",4,2,23502,23577,75,107,182,1500,2140,3640
"Apis cerena","BG",400," -G",4,3,23684,23778,94,94,188,1880,1880,3760
"Apis cerena","BG",400," -G",4,4,23872,23973,101,107,208,2020,2140,4160
"Apis cerena","BG",400," -G",4,5,24080,24149,69,100,169,1380,2000,3380
"Apis cerena","BG",400," -G",4,6,24249,24343,94,165,259,1880,3300,5180
"Apis cerena","BG",400," -G",4,7,24508,24603,95,117,212,1900,2340,4240
"Apis cerena","BG",400," -G",4,8,24720,24817,97,123,220,1940,2460,4400
"Apis cerena","BG",400," -G",4,9,24940,25031,91,143,234,1820,2860,4680
"Apis cerena","BG",400," -G",4,10,25174,25239,65,324,389,1300,6480,7780
"Apis cerena","BG",400," -G",4,11,25563,25634,71,141,212,1420,2820,4240
"Apis cerena","BG",400," -G",4,12,25775,25871,96,127,223,1920,2540,4460
"Apis cerena","BG",400," -G",4,13,25998,26072,74,132,206,1480,2640,4120
"Apis cerena","BG",400," -G",4,14,26204,26275,71,127,198,1420,2540,3960
"Apis cerena","BG",400," -G",4,15,26402,26492,90,321,411,1800,6420,8220
"Apis cerena","BG",400," -G",4,16,26813,26899,86,145,231,1720,2900,4620
"Apis cerena","BG",400," -G",4,17,27044,27112,68,141,209,1360,2820,4180
"Apis cerena","BG",400," -G",4,18,27253,27332,79,128,207,1580,2560,4140
"Apis cerena","BG",400," -G",4,19,27460,27546,86,107,193,1720,2140,3860
"Apis cerena","BG",400," -G",4,20,27653,27746,93,140,233,1860,2800,4660
"Apis cerena","BG",400," -G",4,21,27886,27979,93,139,232,1860,2780,4640
"Apis cerena","BG",400," -G",4,22,28118,28212,94,123,217,1880,2460,4340
"Apis cerena","BG",400," -G",4,23,28335,28417,82,139,221,1640,2780,4420
"Apis cerena","BG",400," -G",4,24,28556,28644,88,NA,NA,1760,NA,NA
"Apis cerena","BG",400,"Y/Y",1,1,12928,13030,102,106,208,2040,2120,4160
"Apis cerena","BG",400,"Y/Y",1,2,13136,13240,104,95,199,2080,1900,3980
"Apis cerena","BG",400,"Y/Y",1,3,13335,13428,93,100,193,1860,2000,3860
"Apis cerena","BG",400,"Y/Y",1,4,13528,13616,88,172,260,1760,3440,5200
"Apis cerena","BG",400,"Y/Y",1,5,13788,13898,110,137,247,2200,2740,4940
"Apis cerena","BG",400,"Y/Y",1,6,14035,14134,99,110,209,1980,2200,4180
"Apis cerena","BG",400,"Y/Y",1,7,14244,14341,97,119,216,1940,2380,4320
"Apis cerena","BG",400,"Y/Y",1,8,14460,14558,98,152,250,1960,3040,5000
"Apis cerena","BG",400,"Y/Y",1,9,14710,14765,55,112,167,1100,2240,3340
"Apis cerena","BG",400,"Y/Y",1,10,14877,14980,103,125,228,2060,2500,4560
"Apis cerena","BG",400,"Y/Y",1,11,15105,15181,76,130,206,1520,2600,4120
"Apis cerena","BG",400,"Y/Y",1,12,15311,15406,95,138,233,1900,2760,4660
"Apis cerena","BG",400,"Y/Y",1,13,15544,15642,98,152,250,1960,3040,5000
"Apis cerena","BG",400,"Y/Y",1,14,15794,15865,71,NA,NA,1420,NA,NA
"Apis cerena","BG",500,"G-",1,1,34553,34654,101,95,196,2020,1900,3920
"Apis cerena","BG",500,"G-",1,2,34749,34866,117,81,198,2340,1620,3960
"Apis cerena","BG",500,"G-",1,3,34947,35075,128,102,230,2560,2040,4600
"Apis cerena","BG",500,"G-",1,4,35177,35294,117,96,213,2340,1920,4260
"Apis cerena","BG",500,"G-",1,5,35390,35481,91,43,134,1820,860,2680
"Apis cerena","BG",500,"G-",1,6,35524,35644,120,119,239,2400,2380,4780
"Apis cerena","BG",500,"G-",1,7,35763,35871,108,94,202,2160,1880,4040
"Apis cerena","BG",500,"G-",1,8,35965,36096,131,117,248,2620,2340,4960
"Apis cerena","BG",500,"G-",1,9,36213,36350,137,NA,NA,2740,NA,NA
"Apis cerena","BG",500,"G-",2,1,63117,63176,59,88,147,1180,1760,2940
"Apis cerena","BG",500,"G-",2,2,63264,63359,95,100,195,1900,2000,3900
"Apis cerena","BG",500,"G-",2,3,63459,63598,139,114,253,2780,2280,5060
"Apis cerena","BG",500,"G-",2,4,63712,63814,102,104,206,2040,2080,4120
"Apis cerena","BG",500,"G-",2,5,63918,64017,99,NA,NA,1980,NA,NA
"Apis cerena","BG",500,"P/Y",1,1,58471,58598,127,69,196,2540,1380,3920
"Apis cerena","BG",500,"P/Y",1,2,58667,58804,137,77,214,2740,1540,4280
"Apis cerena","BG",500,"P/Y",1,3,58881,59010,129,74,203,2580,1480,4060
"Apis cerena","BG",500,"P/Y",1,4,59084,59211,127,77,204,2540,1540,4080
"Apis cerena","BG",500,"P/Y",1,5,59288,59416,128,83,211,2560,1660,4220
"Apis cerena","BG",500,"P/Y",1,6,59499,59609,110,98,208,2200,1960,4160
"Apis cerena","BG",500,"P/Y",1,7,59707,59823,116,88,204,2320,1760,4080
"Apis cerena","BG",500,"P/Y",1,8,59911,60038,127,90,217,2540,1800,4340
"Apis cerena","BG",500,"P/Y",1,9,60128,60250,122,91,213,2440,1820,4260
"Apis cerena","BG",500,"P/Y",1,10,60341,60452,111,88,199,2220,1760,3980
"Apis cerena","BG",500,"P/Y",1,11,60540,60651,111,71,182,2220,1420,3640
"Apis cerena","BG",500,"P/Y",1,12,60722,60845,123,98,221,2460,1960,4420
"Apis cerena","BG",500,"P/Y",1,13,60943,61072,129,82,211,2580,1640,4220
"Apis cerena","BG",500,"P/Y",1,14,61154,61273,119,NA,NA,2380,NA,NA
"Apis cerena","BG",500,"Y/Y",1,1,61584,61651,67,128,195,1340,2560,3900
"Apis cerena","BG",500,"Y/Y",1,2,61779,61907,128,206,334,2560,4120,6680
"Apis cerena","BG",500,"Y/Y",1,3,62113,62260,147,158,305,2940,3160,6100
"Apis cerena","BG",500,"Y/Y",1,4,62418,62520,102,NA,NA,2040,NA,NA
"Apis cerena","BG",500,"G-",3,1,25865,25988,123,111,234,2460,2220,4680
"Apis cerena","BG",500,"G-",3,2,26099,26210,111,105,216,2220,2100,4320
"Apis cerena","BG",500,"G-",3,3,26315,26436,121,118,239,2420,2360,4780
"Apis cerena","BG",500,"G-",3,4,26554,26671,117,126,243,2340,2520,4860
"Apis cerena","BG",500,"G-",3,5,26797,26893,96,NA,NA,1920,NA,NA
"Apis cerena","BG",500,"P/Y",2,1,22883,22961,78,98,176,1560,1960,3520
"Apis cerena","BG",500,"P/Y",2,2,23059,23176,117,91,208,2340,1820,4160
"Apis cerena","BG",500,"P/Y",2,3,23267,23372,105,96,201,2100,1920,4020
"Apis cerena","BG",500,"P/Y",2,4,23468,23567,99,116,215,1980,2320,4300
"Apis cerena","BG",500,"P/Y",2,5,23683,23792,109,89,198,2180,1780,3960
"Apis cerena","BG",500,"P/Y",2,6,23881,24002,121,150,271,2420,3000,5420
"Apis cerena","BG",500,"P/Y",2,7,24152,24224,72,NA,NA,1440,NA,NA
"Apis cerena","BG",500,"G-",4,1,36390,36466,76,195,271,1520,3900,5420
"Apis cerena","BG",500,"G-",4,2,36661,36749,88,69,157,1760,1380,3140
"Apis cerena","BG",500,"G-",4,3,36818,37010,192,140,332,3840,2800,6640
"Apis cerena","BG",500,"G-",4,4,37150,37314,164,162,326,3280,3240,6520
"Apis cerena","BG",500,"G-",4,5,37476,37636,160,172,332,3200,3440,6640
"Apis cerena","BG",500,"G-",4,6,37808,37979,171,155,326,3420,3100,6520
"Apis cerena","BG",500,"G-",4,7,38134,38282,148,139,287,2960,2780,5740
"Apis cerena","BG",500,"G-",4,8,38421,38551,130,152,282,2600,3040,5640
"Apis cerena","BG",500,"G-",4,9,38703,38831,128,133,261,2560,2660,5220
"Apis cerena","BG",500,"G-",4,10,38964,39110,146,NA,NA,2920,NA,NA
"Apis cerena","BG",500,"Y-",1,1,65683,65774,91,165,256,1820,3300,5120
"Apis cerena","BG",500,"Y-",1,2,65939,66020,81,538,619,1620,10760,12380
"Apis cerena","BG",500,"Y-",1,3,66558,66680,122,NA,NA,2440,NA,NA
"Apis cerena","BG",500,"Y/Y",2,1,7370,7458,88,120,208,1760,2400,4160
"Apis cerena","BG",500,"Y/Y",2,2,7578,7678,100,132,232,2000,2640,4640
"Apis cerena","BG",500,"Y/Y",2,3,7810,7920,110,122,232,2200,2440,4640
"Apis cerena","BG",500,"Y/Y",2,4,8042,8162,120,137,257,2400,2740,5140
"Apis cerena","BG",500,"Y/Y",2,5,8299,8427,128,NA,NA,2560,NA,NA
"Apis cerena","BG",500,"Y/Y",3,1,1454,1632,178,94,272,3560,1880,5440
"Apis cerena","BG",500,"Y/Y",3,2,1726,1847,121,139,260,2420,2780,5200
"Apis cerena","BG",500,"Y/Y",3,3,1986,2090,104,138,242,2080,2760,4840
"Apis cerena","BG",500,"Y/Y",3,4,2228,2366,138,123,261,2760,2460,5220
"Apis cerena","BG",500,"Y/Y",3,5,2489,2609,120,125,245,2400,2500,4900
"Apis cerena","BG",500,"Y/Y",3,6,2734,2862,128,128,256,2560,2560,5120
"Apis cerena","BG",500,"Y/Y",3,7,2990,3119,129,161,290,2580,3220,5800
"Apis cerena","BG",500,"Y/Y",3,8,3280,3390,110,120,230,2200,2400,4600
"Apis cerena","BG",500,"Y/Y",3,9,3510,3640,130,159,289,2600,3180,5780
"Apis cerena","BG",500,"Y/Y",3,10,3799,3906,107,112,219,2140,2240,4380
"Apis cerena","BG",500,"Y/Y",3,11,4018,4129,111,183,294,2220,3660,5880
"Apis cerena","BG",500,"Y/Y",3,12,4312,4414,102,NA,NA,2040,NA,NA
"Apis cerena","OF",100,"Y/W",1,1,39944,39949,5,95,100,100,1900,2000
"Apis cerena","OF",100,"Y/W",1,2,40044,40061,17,217,234,340,4340,4680
"Apis cerena","OF",100,"Y/W",1,3,40278,40292,14,101,115,280,2020,2300
"Apis cerena","OF",100,"Y/W",1,4,40393,40412,19,84,103,380,1680,2060
"Apis cerena","OF",100,"Y/W",1,5,40496,40511,15,92,107,300,1840,2140
"Apis cerena","OF",100,"Y/W",1,6,40603,40616,13,71,84,260,1420,1680
"Apis cerena","OF",100,"Y/W",1,7,40687,40709,22,98,120,440,1960,2400
"Apis cerena","OF",100,"Y/W",1,8,40807,40817,10,77,87,200,1540,1740
"Apis cerena","OF",100,"Y/W",1,9,40894,40910,16,NA,NA,320,NA,NA
"Apis cerena","OF",100,"W-",1,1,37513,37525,12,92,104,240,1840,2080
"Apis cerena","OF",100,"W-",1,2,37617,37626,9,114,123,180,2280,2460
"Apis cerena","OF",100,"W-",1,3,37740,37751,11,NA,NA,220,NA,NA
"Apis cerena","OF",100,"R-",1,1,67997,68009,12,39,51,240,780,1020
"Apis cerena","OF",100,"R-",1,2,68048,68089,41,109,150,820,2180,3000
"Apis cerena","OF",100,"R-",1,3,68198,68209,11,23,34,220,460,680
"Apis cerena","OF",100,"R-",1,4,68232,68239,7,NA,NA,140,NA,NA
"Apis cerena","OF",100,"W-",2,1,9223,9237,14,108,122,280,2160,2440
"Apis cerena","OF",100,"W-",2,2,9345,9360,15,94,109,300,1880,2180
"Apis cerena","OF",100,"W-",2,3,9454,9480,26,118,144,520,2360,2880
"Apis cerena","OF",100,"W-",2,4,9598,9619,21,88,109,420,1760,2180
"Apis cerena","OF",100,"W-",2,5,9707,9737,30,102,132,600,2040,2640
"Apis cerena","OF",100,"W-",2,6,9839,9858,19,87,106,380,1740,2120
"Apis cerena","OF",100,"W-",2,7,9945,9974,29,119,148,580,2380,2960
"Apis cerena","OF",100,"W-",2,8,10093,10118,25,NA,NA,500,NA,NA
"Apis cerena","OF",100,"G/W",1,1,23403,23414,11,87,98,220,1740,1960
"Apis cerena","OF",100,"G/W",1,2,23501,23516,15,74,89,300,1480,1780
"Apis cerena","OF",100,"G/W",1,3,23590,23599,9,88,97,180,1760,1940
"Apis cerena","OF",100,"G/W",1,4,23687,23706,19,87,106,380,1740,2120
"Apis cerena","OF",100,"G/W",1,5,23793,23811,18,128,146,360,2560,2920
"Apis cerena","OF",100,"G/W",1,6,23939,23971,32,101,133,640,2020,2660
"Apis cerena","OF",100,"G/W",1,7,24072,24083,11,83,94,220,1660,1880
"Apis cerena","OF",100,"G/W",1,8,24166,24190,24,NA,NA,480,NA,NA
"Apis cerena","OF",100,"G/W",2,1,60563,60581,18,138,156,360,2760,3120
"Apis cerena","OF",100,"G/W",2,2,60719,60740,21,110,131,420,2200,2620
"Apis cerena","OF",100,"G/W",2,3,60850,60887,37,98,135,740,1960,2700
"Apis cerena","OF",100,"G/W",2,4,60985,61000,15,91,106,300,1820,2120
"Apis cerena","OF",100,"G/W",2,5,61091,61117,26,104,130,520,2080,2600
"Apis cerena","OF",100,"G/W",2,6,61221,61246,25,NA,NA,500,NA,NA
"Apis cerena","OF",100,"G/W",3,1,17573,17584,11,80,91,220,1600,1820
"Apis cerena","OF",100,"G/W",3,2,17664,17680,16,103,119,320,2060,2380
"Apis cerena","OF",100,"G/W",3,3,17783,17802,19,76,95,380,1520,1900
"Apis cerena","OF",100,"G/W",3,4,17878,17904,26,93,119,520,1860,2380
"Apis cerena","OF",100,"G/W",3,5,17997,18012,15,78,93,300,1560,1860
"Apis cerena","OF",100,"G/W",3,6,18090,18105,15,78,93,300,1560,1860
"Apis cerena","OF",100,"G/W",3,7,18183,18205,22,91,113,440,1820,2260
"Apis cerena","OF",100,"G/W",3,8,18296,18310,14,97,111,280,1940,2220
"Apis cerena","OF",100,"G/W",3,9,18407,18425,18,70,88,360,1400,1760
"Apis cerena","OF",100,"G/W",3,10,18495,18533,38,78,116,760,1560,2320
"Apis cerena","OF",100,"G/W",3,11,18611,18630,19,75,94,380,1500,1880
"Apis cerena","OF",100,"G/W",3,12,18705,18733,28,92,120,560,1840,2400
"Apis cerena","OF",100,"G/W",3,13,18825,18851,26,NA,NA,520,NA,NA
"Apis cerena","OF",100,"R-",2,1,31259,31285,26,124,150,520,2480,3000
"Apis cerena","OF",100,"R-",2,2,31409,31421,12,133,145,240,2660,2900
"Apis cerena","OF",100,"R-",2,3,31554,31583,29,85,114,580,1700,2280
"Apis cerena","OF",100,"R-",2,4,31668,31703,35,91,126,700,1820,2520
"Apis cerena","OF",100,"R-",2,5,31794,31833,39,86,125,780,1720,2500
"Apis cerena","OF",100,"R-",2,6,31919,31955,36,98,134,720,1960,2680
"Apis cerena","OF",100,"R-",2,7,32053,32091,38,93,131,760,1860,2620
"Apis cerena","OF",100,"R-",2,8,32184,32210,26,94,120,520,1880,2400
"Apis cerena","OF",100,"R-",2,9,32304,32349,45,102,147,900,2040,2940
"Apis cerena","OF",100,"R-",2,10,32451,32474,23,111,134,460,2220,2680
"Apis cerena","OF",100,"R-",2,11,32585,32613,28,111,139,560,2220,2780
"Apis cerena","OF",100,"R-",2,12,32724,32750,26,103,129,520,2060,2580
"Apis cerena","OF",100,"R-",2,13,32853,32887,34,81,115,680,1620,2300
"Apis cerena","OF",100,"R-",2,14,32968,33010,42,134,176,840,2680,3520
"Apis cerena","OF",100,"R-",2,15,33144,33173,29,98,127,580,1960,2540
"Apis cerena","OF",100,"R-",2,16,33271,33304,33,NA,NA,660,NA,NA
"Apis cerena","OF",100,"W-",3,1,40343,40359,16,107,123,320,2140,2460
"Apis cerena","OF",100,"W-",3,2,40466,40492,26,128,154,520,2560,3080
"Apis cerena","OF",100,"W-",3,3,40620,40644,24,103,127,480,2060,2540
"Apis cerena","OF",100,"W-",3,4,40747,40773,26,118,144,520,2360,2880
"Apis cerena","OF",100,"W-",3,5,40891,40906,15,87,102,300,1740,2040
"Apis cerena","OF",100,"W-",3,6,40993,41016,23,90,113,460,1800,2260
"Apis cerena","OF",100,"W-",3,7,41106,41134,28,85,113,560,1700,2260
"Apis cerena","OF",100,"W-",3,8,41219,41245,26,77,103,520,1540,2060
"Apis cerena","OF",100,"W-",3,9,41322,41344,22,NA,NA,440,NA,NA
"Apis cerena","OF",100,"G/W",4,1,54617,54627,10,99,109,200,1980,2180
"Apis cerena","OF",100,"G/W",4,2,54726,54738,12,89,101,240,1780,2020
"Apis cerena","OF",100,"G/W",4,3,54827,54840,13,NA,NA,260,NA,NA
"Apis cerena","OF",200,"Y/W",1,1,62291,62311,20,92,112,400,1840,2240
"Apis cerena","OF",200,"Y/W",1,2,62403,62445,42,88,130,840,1760,2600
"Apis cerena","OF",200,"Y/W",1,3,62533,62574,41,94,135,820,1880,2700
"Apis cerena","OF",200,"Y/W",1,4,62668,62701,33,89,122,660,1780,2440
"Apis cerena","OF",200,"Y/W",1,5,62790,62826,36,98,134,720,1960,2680
"Apis cerena","OF",200,"Y/W",1,6,62924,62962,38,95,133,760,1900,2660
"Apis cerena","OF",200,"Y/W",1,7,63057,63102,45,103,148,900,2060,2960
"Apis cerena","OF",200,"Y/W",1,8,63205,63241,36,102,138,720,2040,2760
"Apis cerena","OF",200,"Y/W",1,9,63343,63393,50,85,135,1000,1700,2700
"Apis cerena","OF",200,"Y/W",1,10,63478,63528,50,99,149,1000,1980,2980
"Apis cerena","OF",200,"Y/W",1,11,63627,63667,40,104,144,800,2080,2880
"Apis cerena","OF",200,"Y/W",1,12,63771,63802,31,87,118,620,1740,2360
"Apis cerena","OF",200,"Y/W",1,13,63889,63934,45,113,158,900,2260,3160
"Apis cerena","OF",200,"Y/W",1,14,64047,64081,34,89,123,680,1780,2460
"Apis cerena","OF",200,"Y/W",1,15,64170,64214,44,86,130,880,1720,2600
"Apis cerena","OF",200,"Y/W",1,16,64300,64345,45,104,149,900,2080,2980
"Apis cerena","OF",200,"Y/W",1,17,64449,64496,47,98,145,940,1960,2900
"Apis cerena","OF",200,"Y/W",1,18,64594,64630,36,68,104,720,1360,2080
"Apis cerena","OF",200,"Y/W",1,19,64698,64733,35,94,129,700,1880,2580
"Apis cerena","OF",200,"Y/W",1,20,64827,64850,23,81,104,460,1620,2080
"Apis cerena","OF",200,"Y/W",1,21,64931,64976,45,NA,NA,900,NA,NA
"Apis cerena","OF",200,"W/B",1,1,23696,23708,12,73,85,240,1460,1700
"Apis cerena","OF",200,"W/B",1,2,23781,23792,11,153,164,220,3060,3280
"Apis cerena","OF",200,"W/B",1,3,23945,23960,15,115,130,300,2300,2600
"Apis cerena","OF",200,"W/B",1,4,24075,24110,35,122,157,700,2440,3140
"Apis cerena","OF",200,"W/B",1,5,24232,24257,25,99,124,500,1980,2480
"Apis cerena","OF",200,"W/B",1,6,24356,24364,8,NA,NA,160,NA,NA
"Apis cerena","OF",200,"G/W",1,1,37350,37365,15,158,173,300,3160,3460
"Apis cerena","OF",200,"G/W",1,2,37523,37569,46,119,165,920,2380,3300
"Apis cerena","OF",200,"G/W",1,3,37688,37743,55,83,138,1100,1660,2760
"Apis cerena","OF",200,"G/W",1,4,37826,37858,32,100,132,640,2000,2640
"Apis cerena","OF",200,"G/W",1,5,37958,38050,92,115,207,1840,2300,4140
"Apis cerena","OF",200,"G/W",1,6,38165,38258,93,81,174,1860,1620,3480
"Apis cerena","OF",200,"G/W",1,7,38339,38418,79,101,180,1580,2020,3600
"Apis cerena","OF",200,"G/W",1,8,38519,38599,80,97,177,1600,1940,3540
"Apis cerena","OF",200,"G/W",1,9,38696,38787,91,88,179,1820,1760,3580
"Apis cerena","OF",200,"G/W",1,10,38875,38948,73,86,159,1460,1720,3180
"Apis cerena","OF",200,"G/W",1,11,39034,39110,76,78,154,1520,1560,3080
"Apis cerena","OF",200,"G/W",1,12,39188,39279,91,99,190,1820,1980,3800
"Apis cerena","OF",200,"G/W",1,13,39378,39481,103,87,190,2060,1740,3800
"Apis cerena","OF",200,"G/W",1,14,39568,39656,88,92,180,1760,1840,3600
"Apis cerena","OF",200,"G/W",1,15,39748,39840,92,NA,NA,1840,NA,NA
"Apis cerena","OF",200,"W-",1,1,53652,53681,29,107,136,580,2140,2720
"Apis cerena","OF",200,"W-",1,2,53788,53815,27,113,140,540,2260,2800
"Apis cerena","OF",200,"W-",1,3,53928,53957,29,100,129,580,2000,2580
"Apis cerena","OF",200,"W-",1,4,54057,54088,31,122,153,620,2440,3060
"Apis cerena","OF",200,"W-",1,5,54210,54255,45,147,192,900,2940,3840
"Apis cerena","OF",200,"W-",1,6,54402,54435,33,NA,NA,660,NA,NA
"Apis cerena","OF",200,"W-",2,1,17217,17273,56,127,183,1120,2540,3660
"Apis cerena","OF",200,"W-",2,2,17400,17463,63,122,185,1260,2440,3700
"Apis cerena","OF",200,"W-",2,3,17585,17662,77,91,168,1540,1820,3360
"Apis cerena","OF",200,"W-",2,4,17753,17835,82,93,175,1640,1860,3500
"Apis cerena","OF",200,"W-",2,5,17928,17989,61,81,142,1220,1620,2840
"Apis cerena","OF",200,"W-",2,6,18070,18126,56,78,134,1120,1560,2680
"Apis cerena","OF",200,"W-",2,7,18204,18271,67,100,167,1340,2000,3340
"Apis cerena","OF",200,"W-",2,8,18371,18442,71,101,172,1420,2020,3440
"Apis cerena","OF",200,"W-",2,9,18543,18596,53,87,140,1060,1740,2800
"Apis cerena","OF",200,"W-",2,10,18683,18754,71,115,186,1420,2300,3720
"Apis cerena","OF",200,"W-",2,11,18869,18973,104,96,200,2080,1920,4000
"Apis cerena","OF",200,"W-",2,12,19069,19145,76,NA,NA,1520,NA,NA
"Apis cerena","OF",200,"G/W",2,1,23182,23235,53,88,141,1060,1760,2820
"Apis cerena","OF",200,"G/W",2,2,23323,23376,53,86,139,1060,1720,2780
"Apis cerena","OF",200,"G/W",2,3,23462,23534,72,88,160,1440,1760,3200
"Apis cerena","OF",200,"G/W",2,4,23622,23702,80,70,150,1600,1400,3000
"Apis cerena","OF",200,"G/W",2,5,23772,23847,75,68,143,1500,1360,2860
"Apis cerena","OF",200,"G/W",2,6,23915,23969,54,81,135,1080,1620,2700
"Apis cerena","OF",200,"G/W",2,7,24050,24131,81,81,162,1620,1620,3240
"Apis cerena","OF",200,"G/W",2,8,24212,24287,75,79,154,1500,1580,3080
"Apis cerena","OF",200,"G/W",2,9,24366,24448,82,77,159,1640,1540,3180
"Apis cerena","OF",200,"G/W",2,10,24525,24608,83,84,167,1660,1680,3340
"Apis cerena","OF",200,"G/W",2,11,24692,24779,87,82,169,1740,1640,3380
"Apis cerena","OF",200,"G/W",2,12,24861,24944,83,85,168,1660,1700,3360
"Apis cerena","OF",200,"G/W",2,13,25029,25116,87,83,170,1740,1660,3400
"Apis cerena","OF",200,"G/W",2,14,25199,25315,116,81,197,2320,1620,3940
"Apis cerena","OF",200,"G/W",2,15,25396,25453,57,90,147,1140,1800,2940
"Apis cerena","OF",200,"G/W",2,16,25543,25629,86,94,180,1720,1880,3600
"Apis cerena","OF",200,"G/W",2,17,25723,25794,71,75,146,1420,1500,2920
"Apis cerena","OF",200,"G/W",2,18,25869,25953,84,93,177,1680,1860,3540
"Apis cerena","OF",200,"G/W",2,19,26046,26124,78,73,151,1560,1460,3020
"Apis cerena","OF",200,"G/W",2,20,26197,26285,88,95,183,1760,1900,3660
"Apis cerena","OF",200,"G/W",2,21,26380,26464,84,113,197,1680,2260,3940
"Apis cerena","OF",200,"G/W",2,22,26577,26626,49,87,136,980,1740,2720
"Apis cerena","OF",200,"G/W",2,23,26713,26790,77,68,145,1540,1360,2900
"Apis cerena","OF",200,"G/W",2,24,26858,26947,89,95,184,1780,1900,3680
"Apis cerena","OF",200,"G/W",2,25,27042,27126,84,63,147,1680,1260,2940
"Apis cerena","OF",200,"G/W",2,26,27189,27257,68,81,149,1360,1620,2980
"Apis cerena","OF",200,"G/W",2,27,27338,27421,83,NA,NA,1660,NA,NA
"Apis cerena","OF",200,"P-",1,1,47328,47356,28,104,132,560,2080,2640
"Apis cerena","OF",200,"P-",1,2,47460,47540,80,119,199,1600,2380,3980
"Apis cerena","OF",200,"P-",1,3,47659,47758,99,164,263,1980,3280,5260
"Apis cerena","OF",200,"P-",1,4,47922,48002,80,97,177,1600,1940,3540
"Apis cerena","OF",200,"P-",1,5,48099,48187,88,86,174,1760,1720,3480
"Apis cerena","OF",200,"P-",1,6,48273,48377,104,90,194,2080,1800,3880
"Apis cerena","OF",200,"P-",1,7,48467,48525,58,108,166,1160,2160,3320
"Apis cerena","OF",200,"P-",1,8,48633,48732,99,109,208,1980,2180,4160
"Apis cerena","OF",200,"P-",1,9,48841,48899,58,114,172,1160,2280,3440
"Apis cerena","OF",200,"P-",1,10,49013,49096,83,93,176,1660,1860,3520
"Apis cerena","OF",200,"P-",1,11,49189,49260,71,99,170,1420,1980,3400
"Apis cerena","OF",200,"P-",1,12,49359,49438,79,NA,NA,1580,NA,NA
"Apis cerena","OF",200,"W-",3,1,23800,23841,41,110,151,820,2200,3020
"Apis cerena","OF",200,"W-",3,2,23951,23997,46,94,140,920,1880,2800
"Apis cerena","OF",200,"W-",3,3,24091,24135,44,110,154,880,2200,3080
"Apis cerena","OF",200,"W-",3,4,24245,24276,31,95,126,620,1900,2520
"Apis cerena","OF",200,"W-",3,5,24371,24462,91,106,197,1820,2120,3940
"Apis cerena","OF",200,"W-",3,6,24568,24646,78,102,180,1560,2040,3600
"Apis cerena","OF",200,"W-",3,7,24748,24831,83,123,206,1660,2460,4120
"Apis cerena","OF",200,"W-",3,8,24954,25025,71,106,177,1420,2120,3540
"Apis cerena","OF",200,"W-",3,9,25131,25199,68,93,161,1360,1860,3220
"Apis cerena","OF",200,"W-",3,10,25292,25360,68,134,202,1360,2680,4040
"Apis cerena","OF",200,"W-",3,11,25494,25563,69,87,156,1380,1740,3120
"Apis cerena","OF",200,"W-",3,12,25650,25722,72,116,188,1440,2320,3760
"Apis cerena","OF",200,"W-",3,13,25838,25886,48,93,141,960,1860,2820
"Apis cerena","OF",200,"W-",3,14,25979,26060,81,108,189,1620,2160,3780
"Apis cerena","OF",200,"W-",3,15,26168,26260,92,100,192,1840,2000,3840
"Apis cerena","OF",200,"W-",3,16,26360,26420,60,102,162,1200,2040,3240
"Apis cerena","OF",200,"W-",3,17,26522,26612,90,94,184,1800,1880,3680
"Apis cerena","OF",200,"W-",3,18,26706,26803,97,98,195,1940,1960,3900
"Apis cerena","OF",200,"W-",3,19,26901,26951,50,104,154,1000,2080,3080
"Apis cerena","OF",200,"W-",3,20,27055,27128,73,108,181,1460,2160,3620
"Apis cerena","OF",200,"W-",3,21,27236,27319,83,97,180,1660,1940,3600
"Apis cerena","OF",200,"W-",3,22,27416,27505,89,124,213,1780,2480,4260
"Apis cerena","OF",200,"W-",3,23,27629,27699,70,107,177,1400,2140,3540
"Apis cerena","OF",200,"W-",3,24,27806,27874,68,116,184,1360,2320,3680
"Apis cerena","OF",200,"W-",3,25,27990,28047,57,122,179,1140,2440,3580
"Apis cerena","OF",200,"W-",3,26,28169,28218,49,115,164,980,2300,3280
"Apis cerena","OF",200,"W-",3,27,28333,28392,59,90,149,1180,1800,2980
"Apis cerena","OF",200,"W-",3,28,28482,28538,56,97,153,1120,1940,3060
"Apis cerena","OF",200,"W-",3,29,28635,28697,62,100,162,1240,2000,3240
"Apis cerena","OF",200,"W-",3,30,28797,28851,54,93,147,1080,1860,2940
"Apis cerena","OF",200,"W-",3,31,28944,29038,94,99,193,1880,1980,3860
"Apis cerena","OF",200,"W-",3,32,29137,29221,84,97,181,1680,1940,3620
"Apis cerena","OF",200,"W-",3,33,29318,29411,93,90,183,1860,1800,3660
"Apis cerena","OF",200,"W-",3,34,29501,29565,64,88,152,1280,1760,3040
"Apis cerena","OF",200,"W-",3,35,29653,29719,66,93,159,1320,1860,3180
"Apis cerena","OF",200,"W-",3,36,29812,29863,51,99,150,1020,1980,3000
"Apis cerena","OF",200,"W-",3,37,29962,30026,64,NA,NA,1280,NA,NA
"Apis cerena","OF",200,"W/R",1,1,4222,4240,18,146,164,360,2920,3280
"Apis cerena","OF",200,"W/R",1,2,4386,4429,43,87,130,860,1740,2600
"Apis cerena","OF",200,"W/R",1,3,4516,4573,57,84,141,1140,1680,2820
"Apis cerena","OF",200,"W/R",1,4,4657,4716,59,66,125,1180,1320,2500
"Apis cerena","OF",200,"W/R",1,5,4782,4805,23,121,144,460,2420,2880
"Apis cerena","OF",200,"W/R",1,6,4926,4988,62,82,144,1240,1640,2880
"Apis cerena","OF",200,"W/R",1,7,5070,5129,59,78,137,1180,1560,2740
"Apis cerena","OF",200,"W/R",1,8,5207,5260,53,105,158,1060,2100,3160
"Apis cerena","OF",200,"W/R",1,9,5365,5442,77,80,157,1540,1600,3140
"Apis cerena","OF",200,"W/R",1,10,5522,5590,68,95,163,1360,1900,3260
"Apis cerena","OF",200,"W/R",1,11,5685,5751,66,73,139,1320,1460,2780
"Apis cerena","OF",200,"W/R",1,12,5824,5877,53,94,147,1060,1880,2940
"Apis cerena","OF",200,"W/R",1,13,5971,6028,57,79,136,1140,1580,2720
"Apis cerena","OF",200,"W/R",1,14,6107,6169,62,87,149,1240,1740,2980
"Apis cerena","OF",200,"W/R",1,15,6256,6321,65,76,141,1300,1520,2820
"Apis cerena","OF",200,"W/R",1,16,6397,6450,53,78,131,1060,1560,2620
"Apis cerena","OF",200,"W/R",1,17,6528,6593,65,74,139,1300,1480,2780
"Apis cerena","OF",200,"W/R",1,18,6667,6733,66,89,155,1320,1780,3100
"Apis cerena","OF",200,"W/R",1,19,6822,6879,57,64,121,1140,1280,2420
"Apis cerena","OF",200,"W/R",1,20,6943,7006,63,94,157,1260,1880,3140
"Apis cerena","OF",200,"W/R",1,21,7100,7164,64,75,139,1280,1500,2780
"Apis cerena","OF",200,"W/R",1,22,7239,7302,63,NA,NA,1260,NA,NA
"Apis cerena","OF",200,"G/W",3,1,490,567,77,165,242,1540,3300,4840
"Apis cerena","OF",200,"G/W",3,2,732,793,61,85,146,1220,1700,2920
"Apis cerena","OF",200,"G/W",3,3,878,964,86,86,172,1720,1720,3440
"Apis cerena","OF",200,"G/W",3,4,1050,1148,98,98,196,1960,1960,3920
"Apis cerena","OF",200,"G/W",3,5,1246,1327,81,96,177,1620,1920,3540
"Apis cerena","OF",200,"G/W",3,6,1423,1502,79,87,166,1580,1740,3320
"Apis cerena","OF",200,"G/W",3,7,1589,1687,98,82,180,1960,1640,3600
"Apis cerena","OF",200,"G/W",3,8,1769,1861,92,87,179,1840,1740,3580
"Apis cerena","OF",200,"G/W",3,9,1948,2042,94,79,173,1880,1580,3460
"Apis cerena","OF",200,"G/W",3,10,2121,2218,97,98,195,1940,1960,3900
"Apis cerena","OF",200,"G/W",3,11,2316,2379,63,76,139,1260,1520,2780
"Apis cerena","OF",200,"G/W",3,12,2455,2550,95,132,227,1900,2640,4540
"Apis cerena","OF",200,"G/W",3,13,2682,2783,101,89,190,2020,1780,3800
"Apis cerena","OF",200,"G/W",3,14,2872,2960,88,NA,NA,1760,NA,NA
"Apis cerena","OF",300,"W/P",1,1,28645,28685,40,124,164,800,2480,3280
"Apis cerena","OF",300,"W/P",1,2,28809,28870,61,122,183,1220,2440,3660
"Apis cerena","OF",300,"W/P",1,3,28992,29051,59,83,142,1180,1660,2840
"Apis cerena","OF",300,"W/P",1,4,29134,29184,50,166,216,1000,3320,4320
"Apis cerena","OF",300,"W/P",1,5,29350,29394,44,114,158,880,2280,3160
"Apis cerena","OF",300,"W/P",1,6,29508,29564,56,152,208,1120,3040,4160
"Apis cerena","OF",300,"W/P",1,7,29716,29772,56,96,152,1120,1920,3040
"Apis cerena","OF",300,"W/P",1,8,29868,29923,55,NA,NA,1100,NA,NA
"Apis cerena","OF",300,"Y/Y",1,1,25287,25317,30,111,141,600,2220,2820
"Apis cerena","OF",300,"Y/Y",1,2,25428,25515,87,99,186,1740,1980,3720
"Apis cerena","OF",300,"Y/Y",1,3,25614,25694,80,111,191,1600,2220,3820
"Apis cerena","OF",300,"Y/Y",1,4,25805,25898,93,109,202,1860,2180,4040
"Apis cerena","OF",300,"Y/Y",1,5,26007,26096,89,137,226,1780,2740,4520
"Apis cerena","OF",300,"Y/Y",1,6,26233,26328,95,119,214,1900,2380,4280
"Apis cerena","OF",300,"Y/Y",1,7,26447,26520,73,119,192,1460,2380,3840
"Apis cerena","OF",300,"Y/Y",1,8,26639,26725,86,118,204,1720,2360,4080
"Apis cerena","OF",300,"Y/Y",1,9,26843,26921,78,NA,NA,1560,NA,NA
"Apis cerena","OF",300,"Y/Y",2,1,36286,36313,27,103,130,540,2060,2600
"Apis cerena","OF",300,"Y/Y",2,2,36416,36464,48,92,140,960,1840,2800
"Apis cerena","OF",300,"Y/Y",2,3,36556,36641,85,91,176,1700,1820,3520
"Apis cerena","OF",300,"Y/Y",2,4,36732,36833,101,130,231,2020,2600,4620
"Apis cerena","OF",300,"Y/Y",2,5,36963,37038,75,122,197,1500,2440,3940
"Apis cerena","OF",300,"Y/Y",2,6,37160,37248,88,91,179,1760,1820,3580
"Apis cerena","OF",300,"Y/Y",2,7,37339,37424,85,129,214,1700,2580,4280
"Apis cerena","OF",300,"Y/Y",2,8,37553,37632,79,NA,NA,1580,NA,NA
"Apis cerena","OF",300,"R/W",1,1,44812,44821,9,127,136,180,2540,2720
"Apis cerena","OF",300,"R/W",1,2,44948,44969,21,119,140,420,2380,2800
"Apis cerena","OF",300,"R/W",1,3,45088,45103,15,83,98,300,1660,1960
"Apis cerena","OF",300,"R/W",1,4,45186,45252,66,105,171,1320,2100,3420
"Apis cerena","OF",300,"R/W",1,5,45357,45407,50,84,134,1000,1680,2680
"Apis cerena","OF",300,"R/W",1,6,45491,45572,81,106,187,1620,2120,3740
"Apis cerena","OF",300,"R/W",1,7,45678,45747,69,117,186,1380,2340,3720
"Apis cerena","OF",300,"R/W",1,8,45864,45923,59,76,135,1180,1520,2700
"Apis cerena","OF",300,"R/W",1,9,45999,46084,85,107,192,1700,2140,3840
"Apis cerena","OF",300,"R/W",1,10,46191,46258,67,110,177,1340,2200,3540
"Apis cerena","OF",300,"R/W",1,11,46368,46449,81,91,172,1620,1820,3440
"Apis cerena","OF",300,"R/W",1,12,46540,46621,81,NA,NA,1620,NA,NA
"Apis cerena","OF",300,"W-",1,1,22134,22169,35,114,149,700,2280,2980
"Apis cerena","OF",300,"W-",1,2,22283,22341,58,182,240,1160,3640,4800
"Apis cerena","OF",300,"W-",1,3,22523,22608,85,106,191,1700,2120,3820
"Apis cerena","OF",300,"W-",1,4,22714,22807,93,NA,NA,1860,NA,NA
"Apis cerena","OF",300,"R/W",2,1,35705,35713,8,97,105,160,1940,2100
"Apis cerena","OF",300,"R/W",2,2,35810,35876,66,81,147,1320,1620,2940
"Apis cerena","OF",300,"R/W",2,3,35957,36059,102,90,192,2040,1800,3840
"Apis cerena","OF",300,"R/W",2,4,36149,36244,95,123,218,1900,2460,4360
"Apis cerena","OF",300,"R/W",2,5,36367,36464,97,99,196,1940,1980,3920
"Apis cerena","OF",300,"R/W",2,6,36563,36658,95,83,178,1900,1660,3560
"Apis cerena","OF",300,"R/W",2,7,36741,36809,68,105,173,1360,2100,3460
"Apis cerena","OF",300,"R/W",2,8,36914,37027,113,NA,NA,2260,NA,NA
"Apis cerena","OF",300,"R/W",3,1,25320,25355,35,81,116,700,1620,2320
"Apis cerena","OF",300,"R/W",3,2,25436,25499,63,85,148,1260,1700,2960
"Apis cerena","OF",300,"R/W",3,3,25584,25664,80,93,173,1600,1860,3460
"Apis cerena","OF",300,"R/W",3,4,25757,25816,59,107,166,1180,2140,3320
"Apis cerena","OF",300,"R/W",3,5,25923,26010,87,88,175,1740,1760,3500
"Apis cerena","OF",300,"R/W",3,6,26098,26189,91,95,186,1820,1900,3720
"Apis cerena","OF",300,"R/W",3,7,26284,26363,79,112,191,1580,2240,3820
"Apis cerena","OF",300,"R/W",3,8,26475,26555,80,99,179,1600,1980,3580
"Apis cerena","OF",300,"R/W",3,9,26654,26744,90,115,205,1800,2300,4100
"Apis cerena","OF",300,"R/W",3,10,26859,26944,85,135,220,1700,2700,4400
"Apis cerena","OF",300,"R/W",3,11,27079,27129,50,91,141,1000,1820,2820
"Apis cerena","OF",300,"R/W",3,12,27220,27284,64,NA,NA,1280,NA,NA
"Apis cerena","OF",300,"R/W",4,1,35207,35236,29,64,93,580,1280,1860
"Apis cerena","OF",300,"R/W",4,2,35300,35386,86,82,168,1720,1640,3360
"Apis cerena","OF",300,"R/W",4,3,35468,35559,91,87,178,1820,1740,3560
"Apis cerena","OF",300,"R/W",4,4,35646,35730,84,92,176,1680,1840,3520
"Apis cerena","OF",300,"R/W",4,5,35822,35913,91,93,184,1820,1860,3680
"Apis cerena","OF",300,"R/W",4,6,36006,36103,97,109,206,1940,2180,4120
"Apis cerena","OF",300,"R/W",4,7,36212,36306,94,116,210,1880,2320,4200
"Apis cerena","OF",300,"R/W",4,8,36422,36530,108,105,213,2160,2100,4260
"Apis cerena","OF",300,"R/W",4,9,36635,36723,88,104,192,1760,2080,3840
"Apis cerena","OF",300,"R/W",4,10,36827,36931,104,104,208,2080,2080,4160
"Apis cerena","OF",300,"R/W",4,11,37035,37113,78,106,184,1560,2120,3680
"Apis cerena","OF",300,"R/W",4,12,37219,37319,100,106,206,2000,2120,4120
"Apis cerena","OF",300,"R/W",4,13,37425,37497,72,116,188,1440,2320,3760
"Apis cerena","OF",300,"R/W",4,14,37613,37721,108,NA,NA,2160,NA,NA
"Apis cerena","OF",300,"R/W",5,1,20399,20410,11,52,63,220,1040,1260
"Apis cerena","OF",300,"R/W",5,2,20462,20490,28,81,109,560,1620,2180
"Apis cerena","OF",300,"R/W",5,3,20571,20652,81,88,169,1620,1760,3380
"Apis cerena","OF",300,"R/W",5,4,20740,20850,110,120,230,2200,2400,4600
"Apis cerena","OF",300,"R/W",5,5,20970,21068,98,90,188,1960,1800,3760
"Apis cerena","OF",300,"R/W",5,6,21158,21227,69,100,169,1380,2000,3380
"Apis cerena","OF",300,"R/W",5,7,21327,21422,95,103,198,1900,2060,3960
"Apis cerena","OF",300,"R/W",5,8,21525,21599,74,121,195,1480,2420,3900
"Apis cerena","OF",300,"R/W",5,9,21720,21833,113,136,249,2260,2720,4980
"Apis cerena","OF",300,"R/W",5,10,21969,22055,86,126,212,1720,2520,4240
"Apis cerena","OF",300,"R/W",5,11,22181,22294,113,109,222,2260,2180,4440
"Apis cerena","OF",300,"R/W",5,12,22403,22492,89,114,203,1780,2280,4060
"Apis cerena","OF",300,"R/W",5,13,22606,22708,102,101,203,2040,2020,4060
"Apis cerena","OF",300,"R/W",5,14,22809,22872,63,86,149,1260,1720,2980
"Apis cerena","OF",300,"R/W",5,15,22958,23054,96,111,207,1920,2220,4140
"Apis cerena","OF",300,"R/W",5,16,23165,23254,89,NA,NA,1780,NA,NA
"Apis cerena","OF",300,"W/R",1,1,7729,7802,73,99,172,1460,1980,3440
"Apis cerena","OF",300,"W/R",1,2,7901,8010,109,137,246,2180,2740,4920
"Apis cerena","OF",300,"W/R",1,3,8147,8252,105,113,218,2100,2260,4360
"Apis cerena","OF",300,"W/R",1,4,8365,8452,87,NA,NA,1740,NA,NA
"Apis cerena","OF",400,"W/O",1,1,46188,46258,70,79,149,1400,1580,2980
"Apis cerena","OF",400,"W/O",1,2,46337,46414,77,145,222,1540,2900,4440
"Apis cerena","OF",400,"W/O",1,3,46559,46674,115,122,237,2300,2440,4740
"Apis cerena","OF",400,"W/O",1,4,46796,46905,109,NA,NA,2180,NA,NA
"Apis cerena","OF",400," -W",1,1,60237,60317,80,129,209,1600,2580,4180
"Apis cerena","OF",400," -W",1,2,60446,60560,114,136,250,2280,2720,5000
"Apis cerena","OF",400," -W",1,3,60696,60812,116,142,258,2320,2840,5160
"Apis cerena","OF",400," -W",1,4,60954,61024,70,140,210,1400,2800,4200
"Apis cerena","OF",400," -W",1,5,61164,61262,98,135,233,1960,2700,4660
"Apis cerena","OF",400," -W",1,6,61397,61494,97,112,209,1940,2240,4180
"Apis cerena","OF",400," -W",1,7,61606,61718,112,134,246,2240,2680,4920
"Apis cerena","OF",400," -W",1,8,61852,61947,95,145,240,1900,2900,4800
"Apis cerena","OF",400," -W",1,9,62092,62174,82,174,256,1640,3480,5120
"Apis cerena","OF",400," -W",1,10,62348,62422,74,NA,NA,1480,NA,NA
"Apis cerena","OF",400,"O-",1,1,51479,51550,71,100,171,1420,2000,3420
"Apis cerena","OF",400,"O-",1,2,51650,51705,55,114,169,1100,2280,3380
"Apis cerena","OF",400,"O-",1,3,51819,51842,23,114,137,460,2280,2740
"Apis cerena","OF",400,"O-",1,4,51956,52031,75,122,197,1500,2440,3940
"Apis cerena","OF",400,"O-",1,5,52153,52232,79,108,187,1580,2160,3740
"Apis cerena","OF",400,"O-",1,6,52340,52403,63,NA,NA,1260,NA,NA
"Apis cerena","OF",400,"W/B",1,1,20432,20483,51,114,165,1020,2280,3300
"Apis cerena","OF",400,"W/B",1,2,20597,20666,69,102,171,1380,2040,3420
"Apis cerena","OF",400,"W/B",1,3,20768,20837,69,NA,NA,1380,NA,NA
"Apis cerena","OF",400," -W",2,1,49273,49338,65,110,175,1300,2200,3500
"Apis cerena","OF",400," -W",2,2,49448,49529,81,129,210,1620,2580,4200
"Apis cerena","OF",400," -W",2,3,49658,49747,89,114,203,1780,2280,4060
"Apis cerena","OF",400," -W",2,4,49861,49945,84,123,207,1680,2460,4140
"Apis cerena","OF",400," -W",2,5,50068,50164,96,120,216,1920,2400,4320
"Apis cerena","OF",400," -W",2,6,50284,50378,94,141,235,1880,2820,4700
"Apis cerena","OF",400," -W",2,7,50519,50629,110,NA,NA,2200,NA,NA
"Apis cerena","OF",400,"W/P",1,1,14375,14455,80,148,228,1600,2960,4560
"Apis cerena","OF",400,"W/P",1,2,14603,14691,88,111,199,1760,2220,3980
"Apis cerena","OF",400,"W/P",1,3,14802,14876,74,164,238,1480,3280,4760
"Apis cerena","OF",400,"W/P",1,4,15040,15112,72,146,218,1440,2920,4360
"Apis cerena","OF",400,"W/P",1,5,15258,15347,89,124,213,1780,2480,4260
"Apis cerena","OF",400,"W/P",1,6,15471,15571,100,129,229,2000,2580,4580
"Apis cerena","OF",400,"W/P",1,7,15700,15788,88,NA,NA,1760,NA,NA
"Apis cerena","OF",400,"O-",2,1,59443,59506,63,85,148,1260,1700,2960
"Apis cerena","OF",400,"O-",2,2,59591,59664,73,104,177,1460,2080,3540
"Apis cerena","OF",400,"O-",2,3,59768,59792,24,110,134,480,2200,2680
"Apis cerena","OF",400,"O-",2,4,59902,59975,73,113,186,1460,2260,3720
"Apis cerena","OF",400,"O-",2,5,60088,60147,59,110,169,1180,2200,3380
"Apis cerena","OF",400,"O-",2,6,60257,60323,66,83,149,1320,1660,2980
"Apis cerena","OF",400,"O-",2,7,60406,60459,53,NA,NA,1060,NA,NA
"Apis cerena","OF",400," -W",3,1,19375,19487,112,116,228,2240,2320,4560
"Apis cerena","OF",400," -W",3,2,19603,19703,100,106,206,2000,2120,4120
"Apis cerena","OF",400," -W",3,3,19809,19907,98,122,220,1960,2440,4400
"Apis cerena","OF",400," -W",3,4,20029,20138,109,124,233,2180,2480,4660
"Apis cerena","OF",400," -W",3,5,20262,20363,101,121,222,2020,2420,4440
"Apis cerena","OF",400," -W",3,6,20484,20527,43,114,157,860,2280,3140
"Apis cerena","OF",400," -W",3,7,20641,20717,76,109,185,1520,2180,3700
"Apis cerena","OF",400," -W",3,8,20826,20900,74,120,194,1480,2400,3880
"Apis cerena","OF",400," -W",3,9,21020,21076,56,NA,NA,1120,NA,NA
"Apis cerena","OF",400," -W",4,1,33888,33961,73,97,170,1460,1940,3400
"Apis cerena","OF",400," -W",4,2,34058,34164,106,126,232,2120,2520,4640
"Apis cerena","OF",400," -W",4,3,34290,34389,99,106,205,1980,2120,4100
"Apis cerena","OF",400," -W",4,4,34495,34586,91,118,209,1820,2360,4180
"Apis cerena","OF",400," -W",4,5,34704,34785,81,109,190,1620,2180,3800
"Apis cerena","OF",400," -W",4,6,34894,35015,121,131,252,2420,2620,5040
"Apis cerena","OF",400," -W",4,7,35146,35222,76,112,188,1520,2240,3760
"Apis cerena","OF",400," -W",4,8,35334,35415,81,141,222,1620,2820,4440
"Apis cerena","OF",400," -W",4,9,35556,35645,89,148,237,1780,2960,4740
"Apis cerena","OF",400," -W",4,10,35793,35907,114,119,233,2280,2380,4660
"Apis cerena","OF",400," -W",4,11,36026,36146,120,NA,NA,2400,NA,NA
"Apis cerena","OF",400,"W/O",2,1,59867,59896,29,97,126,580,1940,2520
"Apis cerena","OF",400,"W/O",2,2,59993,60075,82,109,191,1640,2180,3820
"Apis cerena","OF",400,"W/O",2,3,60184,60281,97,149,246,1940,2980,4920
"Apis cerena","OF",400,"W/O",2,4,60430,60514,84,123,207,1680,2460,4140
"Apis cerena","OF",400,"W/O",2,5,60637,60734,97,131,228,1940,2620,4560
"Apis cerena","OF",400,"W/O",2,6,60865,60954,89,134,223,1780,2680,4460
"Apis cerena","OF",400,"W/O",2,7,61088,61200,112,NA,NA,2240,NA,NA
"Apis cerena","OF",500," -WO",1,1,15167,15253,86,98,184,1720,1960,3680
"Apis cerena","OF",500," -WO",1,2,15351,15476,125,124,249,2500,2480,4980
"Apis cerena","OF",500," -WO",1,3,15600,15695,95,94,189,1900,1880,3780
"Apis cerena","OF",500," -WO",1,4,15789,15864,75,120,195,1500,2400,3900
"Apis cerena","OF",500," -WO",1,5,15984,16100,116,119,235,2320,2380,4700
"Apis cerena","OF",500," -WO",1,6,16219,16336,117,117,234,2340,2340,4680
"Apis cerena","OF",500," -WO",1,7,16453,16560,107,120,227,2140,2400,4540
"Apis cerena","OF",500," -WO",1,8,16680,16795,115,130,245,2300,2600,4900
"Apis cerena","OF",500," -WO",1,9,16925,17022,97,144,241,1940,2880,4820
"Apis cerena","OF",500," -WO",1,10,17166,17275,109,113,222,2180,2260,4440
"Apis cerena","OF",500," -WO",1,11,17388,17471,83,120,203,1660,2400,4060
"Apis cerena","OF",500," -WO",1,12,17591,17699,108,371,479,2160,7420,9580
"Apis cerena","OF",500," -WO",1,13,18070,18191,121,131,252,2420,2620,5040
"Apis cerena","OF",500," -WO",1,14,18322,18427,105,270,375,2100,5400,7500
"Apis cerena","OF",500," -WO",1,15,18697,18812,115,NA,NA,2300,NA,NA
"Apis cerena","OF",500,"W-",1,1,45212,45258,46,117,163,920,2340,3260
"Apis cerena","OF",500,"W-",1,2,45375,45383,8,101,109,160,2020,2180
"Apis cerena","OF",500,"W-",1,3,45484,45540,56,115,171,1120,2300,3420
"Apis cerena","OF",500,"W-",1,4,45655,45742,87,111,198,1740,2220,3960
"Apis cerena","OF",500,"W-",1,5,45853,45933,80,127,207,1600,2540,4140
"Apis cerena","OF",500,"W-",1,6,46060,46173,113,115,228,2260,2300,4560
"Apis cerena","OF",500,"W-",1,7,46288,46381,93,128,221,1860,2560,4420
"Apis cerena","OF",500,"W-",1,8,46509,46602,93,105,198,1860,2100,3960
"Apis cerena","OF",500,"W-",1,9,46707,46780,73,121,194,1460,2420,3880
"Apis cerena","OF",500,"W-",1,10,46901,47012,111,150,261,2220,3000,5220
"Apis cerena","OF",500,"W-",1,11,47162,47213,51,117,168,1020,2340,3360
"Apis cerena","OF",500,"W-",1,12,47330,47467,137,105,242,2740,2100,4840
"Apis cerena","OF",500,"W-",1,13,47572,47636,64,116,180,1280,2320,3600
"Apis cerena","OF",500,"W-",1,14,47752,47859,107,135,242,2140,2700,4840
"Apis cerena","OF",500,"W-",1,15,47994,48091,97,NA,NA,1940,NA,NA
"Apis cerena","OF",500,"W/B",1,1,59349,59412,63,184,247,1260,3680,4940
"Apis cerena","OF",500,"W/B",1,2,59596,59722,126,125,251,2520,2500,5020
"Apis cerena","OF",500,"W/B",1,3,59847,59980,133,158,291,2660,3160,5820
"Apis cerena","OF",500,"W/B",1,4,60138,60273,135,213,348,2700,4260,6960
"Apis cerena","OF",500,"W/B",1,5,60486,60602,116,121,237,2320,2420,4740
"Apis cerena","OF",500,"W/B",1,6,60723,60866,143,NA,NA,2860,NA,NA
"Apis cerena","OF",500,"W/P",1,1,10654,10803,149,114,263,2980,2280,5260
"Apis cerena","OF",500,"W/P",1,2,10917,11088,171,126,297,3420,2520,5940
"Apis cerena","OF",500,"W/P",1,3,11214,11347,133,115,248,2660,2300,4960
"Apis cerena","OF",500,"W/P",1,4,11462,11614,152,116,268,3040,2320,5360
"Apis cerena","OF",500,"W/P",1,5,11730,11898,168,132,300,3360,2640,6000
"Apis cerena","OF",500,"W/P",1,6,12030,12163,133,133,266,2660,2660,5320
"Apis cerena","OF",500,"W/P",1,7,12296,12377,81,155,236,1620,3100,4720
"Apis cerena","OF",500,"W/P",1,8,12532,12673,141,135,276,2820,2700,5520
"Apis cerena","OF",500,"W/P",1,9,12808,12962,154,123,277,3080,2460,5540
"Apis cerena","OF",500,"W/P",1,10,13085,13268,183,127,310,3660,2540,6200
"Apis cerena","OF",500,"W/P",1,11,13395,13544,149,140,289,2980,2800,5780
"Apis cerena","OF",500,"W/P",1,12,13684,13875,191,108,299,3820,2160,5980
"Apis cerena","OF",500,"W/P",1,13,13983,14154,171,106,277,3420,2120,5540
"Apis cerena","OF",500,"W/P",1,14,14260,14404,144,109,253,2880,2180,5060
"Apis cerena","OF",500,"W/P",1,15,14513,14713,200,103,303,4000,2060,6060
"Apis cerena","OF",500,"W/P",1,16,14816,15006,190,128,318,3800,2560,6360
"Apis cerena","OF",500,"W/P",1,17,15134,15320,186,125,311,3720,2500,6220
"Apis cerena","OF",500,"W/P",1,18,15445,15596,151,130,281,3020,2600,5620
"Apis cerena","OF",500,"W/P",1,19,15726,15838,112,137,249,2240,2740,4980
"Apis cerena","OF",500,"W/P",1,20,15975,16140,165,146,311,3300,2920,6220
"Apis cerena","OF",500,"W/P",1,21,16286,16447,161,108,269,3220,2160,5380
"Apis cerena","OF",500,"W/P",1,22,16555,16656,101,137,238,2020,2740,4760
"Apis cerena","OF",500,"W/P",1,23,16793,17004,211,105,316,4220,2100,6320
"Apis cerena","OF",500,"W/P",1,24,17109,17278,169,132,301,3380,2640,6020
"Apis cerena","OF",500,"W/P",1,25,17410,17549,139,122,261,2780,2440,5220
"Apis cerena","OF",500,"W/P",1,26,17671,17887,216,NA,NA,4320,NA,NA
"Apis cerena","OF",500," -WO",2,1,35452,35534,82,100,182,1640,2000,3640
"Apis cerena","OF",500," -WO",2,2,35634,35750,116,131,247,2320,2620,4940
"Apis cerena","OF",500," -WO",2,3,35881,35983,102,135,237,2040,2700,4740
"Apis cerena","OF",500," -WO",2,4,36118,36237,119,128,247,2380,2560,4940
"Apis cerena","OF",500," -WO",2,5,36365,36449,84,129,213,1680,2580,4260
"Apis cerena","OF",500," -WO",2,6,36578,36686,108,118,226,2160,2360,4520
"Apis cerena","OF",500," -WO",2,7,36804,36910,106,127,233,2120,2540,4660
"Apis cerena","OF",500," -WO",2,8,37037,37153,116,137,253,2320,2740,5060
"Apis cerena","OF",500," -WO",2,9,37290,37418,128,104,232,2560,2080,4640
"Apis cerena","OF",500," -WO",2,10,37522,37638,116,122,238,2320,2440,4760
"Apis cerena","OF",500," -WO",2,11,37760,37869,109,106,215,2180,2120,4300
"Apis cerena","OF",500," -WO",2,12,37975,38121,146,174,320,2920,3480,6400
"Apis cerena","OF",500," -WO",2,13,38295,38386,91,122,213,1820,2440,4260
"Apis cerena","OF",500," -WO",2,14,38508,38626,118,144,262,2360,2880,5240
"Apis cerena","OF",500," -WO",2,15,38770,38899,129,159,288,2580,3180,5760
"Apis cerena","OF",500," -WO",2,16,39058,39175,117,141,258,2340,2820,5160
"Apis cerena","OF",500," -WO",2,17,39316,39437,121,122,243,2420,2440,4860
"Apis cerena","OF",500," -WO",2,18,39559,39675,116,138,254,2320,2760,5080
"Apis cerena","OF",500," -WO",2,19,39813,39922,109,116,225,2180,2320,4500
"Apis cerena","OF",500," -WO",2,20,40038,40158,120,NA,NA,2400,NA,NA
"Apis cerena","OF",500," -WO",3,1,8221,8238,17,130,147,340,2600,2940
"Apis cerena","OF",500," -WO",3,2,8368,8457,89,111,200,1780,2220,4000
"Apis cerena","OF",500," -WO",3,3,8568,8668,100,119,219,2000,2380,4380
"Apis cerena","OF",500," -WO",3,4,8787,8921,134,115,249,2680,2300,4980
"Apis cerena","OF",500," -WO",3,5,9036,9163,127,150,277,2540,3000,5540
"Apis cerena","OF",500," -WO",3,6,9313,9410,97,155,252,1940,3100,5040
"Apis cerena","OF",500," -WO",3,7,9565,9692,127,125,252,2540,2500,5040
"Apis cerena","OF",500," -WO",3,8,9817,9934,117,116,233,2340,2320,4660
"Apis cerena","OF",500," -WO",3,9,10050,10160,110,153,263,2200,3060,5260
"Apis cerena","OF",500," -WO",3,10,10313,10425,112,122,234,2240,2440,4680
"Apis cerena","OF",500," -WO",3,11,10547,10705,158,199,357,3160,3980,7140
"Apis cerena","OF",500," -WO",3,12,10904,10994,90,145,235,1800,2900,4700
"Apis cerena","OF",500," -WO",3,13,11139,11221,82,NA,NA,1640,NA,NA
"Apis cerena","OF",500,"W/B",2,1,31368,31426,58,60,118,1160,1200,2360
"Apis cerena","OF",500,"W/B",2,2,31486,31508,22,29,51,440,580,1020
"Apis cerena","OF",500,"W/B",2,3,31537,31587,50,NA,NA,1000,NA,NA
"Apis cerena","OF",500,"W/B",3,1,56251,56367,116,113,229,2320,2260,4580
"Apis cerena","OF",500,"W/B",3,2,56480,56594,114,182,296,2280,3640,5920
"Apis cerena","OF",500,"W/B",3,3,56776,56879,103,137,240,2060,2740,4800
"Apis cerena","OF",500,"W/B",3,4,57016,57113,97,116,213,1940,2320,4260
"Apis cerena","OF",500,"W/B",3,5,57229,57343,114,139,253,2280,2780,5060
"Apis cerena","OF",500,"W/B",3,6,57482,57591,109,111,220,2180,2220,4400
"Apis cerena","OF",500,"W/B",3,7,57702,57827,125,NA,NA,2500,NA,NA
"Apis cerena","OF",500," -WO",4,1,4032,4125,93,191,284,1860,3820,5680
"Apis cerena","OF",500," -WO",4,2,4316,4427,111,159,270,2220,3180,5400
"Apis cerena","OF",500," -WO",4,3,4586,4702,116,NA,NA,2320,NA,NA
"Apis cerena","OF",500," -WO",5,1,33129,33172,43,81,124,860,1620,2480
"Apis cerena","OF",500," -WO",5,2,33253,33352,99,131,230,1980,2620,4600
"Apis cerena","OF",500," -WO",5,3,33483,33567,84,139,223,1680,2780,4460
"Apis cerena","OF",500," -WO",5,4,33706,33793,87,112,199,1740,2240,3980
"Apis cerena","OF",500," -WO",5,5,33905,34019,114,NA,NA,2280,NA,NA
